上市電零組,上市紡織,上市汽車,上市化學生醫,上市金融,上市鋼鐵,上市航運,上市電器電纜,上市水泥,上市油電燃氣,上市造紙,上市營建,上市數位雲端,上市生技醫療,上市資訊服務,上市塑膠,上市電腦週邊,上市觀光,上市化學,上市居家生活,上市電子通路,上市電機,上市通信網路,上市電子,上市貿易百貨,上市橡膠,上市上市其它電子,上市綠能環保,上市光電,上市食品,上市其他,上市半導體,上市海外上市,上市玻璃,上市運動休閒,上櫃運動休閒,上櫃鋼鐵,上櫃其它電子,上櫃電機,上櫃電子通路,上櫃半導體,上櫃化工,上櫃電零組,上櫃食品,上櫃光電,上櫃數位雲端,上櫃其他,上櫃航運,上櫃紡織,上櫃居家生活,上櫃油電燃氣,上櫃農業科技業,上櫃文創類,上櫃金融,上櫃電器電纜,上櫃資訊服務,上櫃電腦週邊,上櫃觀光,上櫃綠能環保,上櫃生技醫療,上櫃營建,上櫃塑膠,上櫃通信網路,興櫃食品工業,興櫃電腦及週邊設備業,興櫃運動休閒,興櫃通信網路業,興櫃文化創意業,興櫃綠能環保,興櫃生技醫療業,興櫃紡織纖維,興櫃半導體業,興櫃電子通路業,興櫃航運業,興櫃鋼鐵工業,興櫃其他電子業,興櫃金融業,興櫃農業科技業,興櫃數位雲端,興櫃化學工業,興櫃光電業,興櫃電機機械,興櫃電子零組件業,興櫃建材營造,興櫃資訊服務業,興櫃其他,興櫃觀光事業,興櫃居家生活,興櫃油電燃氣業,網通設備組件,工業電腦,電腦週邊配件,手機相關,其他零組件,LED,IC設計服務,被動元件,主機板,PC/NB/平板,軟體設計,電子設備買賣,電信服務,其他電子或零件,其他網通,其他電腦週邊,消費電子或電器,太陽能,PCB,電子連接相關,IC生產製造,電池或電源,遊戲軟體,光電設備,組裝代工,其他光電,安全監控,電子組件買賣,機殼,網站經營/電商,3C賣場,設備或廠務工程,系統整合,面板業,USBTypeC,十一長假概念股,日圓貶值,iPad Air,智慧衣,洗腎,離岸風電概念股,人民幣貶值,車用電子,AMOLED,水資源,不斷電限電,富櫃50,Fun暑假,胎壓偵測器,車用2.0,PS5,智慧城市,日圓升值,智慧音箱,工業4.0,Macbook供應鏈,矽晶圓,雙鏡頭,宅經濟,光棍節,機器人,運動休閒,Apple iTV,一帶一路,台幣貶值,臺灣上櫃永續指數,特選上櫃ESG龍頭報酬指數,TPEx FactSet半導體氣候淨零優選報酬指數,櫃買薪酬指數,特選上櫃ESG永續高股息報酬指數,TPEx FactSet氣候韌性指數,高殖利率指數,富櫃200成分股,特選上櫃ESG成長報酬指數,Quality 50指數,櫃買公司治理指數,TPEx FactSet半導體氣候韌性指數,櫃買就業88指數,上櫃ESG 30指數,櫃買半導體領航報酬指數,富櫃50成分股,
長廣7795,振大環球4441,聯嘉投控3717,喬山1736,台中銀2812,世紀鋼9958,遠雄港5607,榮星1617,東泥1110,山隆2616,華紙1905,隆大5519,浪凡6165,睿生光電6861,邁達特6112,三芳1307,虹光2380,美食-KY2723,雙鍵4764,橋椿2062,至上8112,新代7750,明泰3380,虹光2380,益航2601,南港2101,漢唐2404,兆聯實業6944,鼎元2426,鮮活果汁-KY1256,茂順9942,凌通4952,GIS-KY6456,台玻1802,喬山1736,大田8924,久陽5011,位速3508,鈦昇8027,方土昶6265,鈺創5351,台特化4772,連展投控3710,環泰4207,東捷8064,夠麻吉8472,旭然4556,台聯櫃5601,光明4420,泰金-KY6629,欣雄8908,瑞基4171,地心引力3629,致和證5864,風青2061,國眾5410,青雲5386,天蔥2740,世禾3551,昱展新藥6785,亞昕5213,萬國通9950,威潤6465,火星生技*7731,安圖斯7875,鍇睿國際7779,連訊6820,淘米6428,海利普7877,泰宗4169,聚泰7862,景美7899,富基電通6707,中科物流7863,東盟開發1480,華洋精機6983,德信6027,祥圃7840,昕力資*7781,大同精化4738,華旭先進6682,湧盛2249,達勝7419,將捷7798,甲尚6882,金鼎科6832,錢櫃8359,特力屋7867,源大環能6639,兆赫2485,和暢科技6825,虹光2380,華冠8101,信錦1582,李洲3066,新唐4919,立誠6597,微星2377,仁寶2324,博士旺3555,港建*3093,大大寬頻7901,耐特8058,穩得6761,倚天酷碁-創2432,全域3067,台聚1304,達勝7419,嘉基6715,勵威5246,聯德3308,淘米6428,晶彩科3535,和碩4938,天瀚6225,勝品6556,富基電通6707,富驊5465,綠界科技*6763,鑫聯大投控3709,和亞智慧7825,聖育7868,GIS-KY6456,正崴2392,鳳凰5706,誠美材4960,GIS-KY6456,遠東新1402,鈊象3293,士電1503,敬鵬2355,新唐4919,GIS-KY6456,三福化4755,士電1503,聯亞3081,王品2727,謚源2235,健策3653,新唐4919,研華2395,誠美材4960,新唐4919,研華2395,GIS-KY6456,德微3675,宏達電2498,辣椒4946,鈊象3293,研華2395,祺驊1593,群創3481,研華2395,中鴻2014,精測6510,宜鼎5289,聯亞3081,鈺太6679,光洋科1785,雍智科技6683,鈺太6679,雍智科技6683,信驊5274,聯亞3081,鈺太6679,雍智科技6683,長科*6548,聯亞3081,新應材4749,聯亞3081,
嘉基6715,佳和1449,艾姆勒2241,國精化4722,元大金2885,豐達科3004,漢翔2634,華新1605,嘉泥1103,欣天然9918,永豐實6790,三發地產9946,LINEPAY7722,美時1795,三商電2427,南亞1303,研華2395,六福2705,上品4770,商億-KY8482,文曄3036,直得1597,智邦2345,漢唐2404,大洋-KY5907,南帝2108,汎銓6830,聯友金屬-創7610,精金3049,大飲1213,和潤企業6592,福懋科8131,再生-KY1337,和成1810,岱宇1598,正能量智能5348,沛波6248,光洋科1785,慶騰4534,尚立3360,雍智科技6683,美琪瑪4721,邑昇5291,綠茵6846,元太8069,騰雲6870,精剛1584,捷迅2643,飛寶企業4413,德記5902,大汽電8931,達邦蛋白6578,琉園9949,宏遠證6015,,系微6231,順達3211,揚秦2755,金益鼎8390,合富-KY4745,桓鼎-KY5543,信立4303,安瑞-KY3664,利統1293,和暢科技6825,久裕興4559,連騰6818,百聿數碼6622,開陽能源6839,宇越生醫*7902,,勵威5246,宏碁遊戲6908,中信造船2644,世紀風電2072,耐特8058,悠遊卡6035,超秦8345,凱鈿7737,永虹先進6618,達輝光電6434,高明鐵4573,佐臻4980,,聖育7868,宏碁創達7706,多那之7756,宏碁智新7794,,聯亞3081,青雲5386,富世達6805,宏達電2498,中探針6217,鼎元2426,博盛半導體7712,艾華6204,華碩2357,和碩4938,來毅數位7834,旺矽6223,是方6561,星雲8047,圓展3669,南良5450,憶聲3024,國碩2406,達邁3645,今皓3011,碩正科技7669,天弘化7742,傳奇4994,建騰5240,金寶2312,中環2323,云辰2390,博士旺3555,曜越3540,欣新網2949,建達6118,穎崴6515,安瑞-KY3664,誠美材4960,良維6290,王品2727,達邁3645,中探針6217,新纖1409,正隆1904,中鋼2002,瑞儀6176,鈺太6679,精金3049,士電1503,熙特爾-創7740,長科*6548,美食-KY2723,車王電1533,詮欣6205,鈺太6679,友訊2332,台半5425,鈺太6679,士電1503,中探針6217,中砂1560,致伸4915,鈊象3293,正隆1904,士電1503,喬山1736,友達2409,台塑1301,遠東新1402,信驊5274,中美晶5483,長科*6548,巨漢6903,中美晶5483,鈺太6679,鈊象3293,鈺太6679,中美晶5483,鈊象3293,長科*6548,鈺太6679,華宏8240,旺矽6223,旺矽6223,長科*6548,
柏承6141,新纖1409,帝寶6605,中華化1727,第一金2892,海光2038,長榮航太2645,華榮1608,幸福1108,欣高9931,榮成1909,冠德2520,現觀科6906,禾榮科7799,關貿6183,勝悅-KY1340,尼得科超眾6230,雄獅2731,康普4739,三能-KY6671,華立3010,華城1519,仲琦2419,凌通4952,淘帝-KY2929,建大2106,帆宣6196,鋼聯6581,一詮2486,大研生醫*7780,台火9902,祥碩5269,jpp-KY5284,冠軍1806,豐泰9910,明安8938,華祺5015,巨漢6903,彬台3379,建達6118,均華6640,奇鈦科3430,志豐3206,生合1295,錦明3230,91APP*-KY6741,邦泰8935,昱臺國際7716,銘旺實4432,米斯特2941,北基8927,惠光6508,智冠5478,康和證6016,,大世科8099,安鈦克6276,王座2751,新晶投控3713,健亞4130,富裔6264,勝昱4304,上詮3363,精華生醫7806,秀育6737,民盛7811,天凱科技6784,光禹國際6595,聯純6977,雅祥生醫6652,,立達5262,建祥國際3603,,震南鐵2071,和淞6826,瑞興銀5863,元進莊7895,物聯6565,崇舜7763,晶瑞光6787,詠勝昌*2245,貝爾威勒7861,,精誠金融7819,和運租車7855,享溫馨7760,京站2942,,天凱科技6784,研華2395,精元2387,天宇8171,健策3653,長科*6548,鈺太6679,年程3117,技嘉2376,微星2377,系微6231,京鼎3413,遠傳4904,光洋科1785,新復興4909,宏正6277,美隆電2477,機光科技6729,昶昕8438,長盛3492,汎銓6830,明基材8215,樂意7584,京鼎3413,緯創3231,鈺德3050,沅聖6638,佶優5452,可成2474,歐買尬3687,精技2414,巨漢6903,精誠金融7819,精金3049,安格6684,寒舍2739,集盛1455,仁寶2324,福懋1434,綠界科技*6763,新光鋼2031,健鼎3044,凌通4952,群創3481,台肥1722,錸寶8104,鈊象3293,微星2377,同致3552,新至陞3679,健策3653,統新6426,中環2323,天鈺4961,京鼎3413,精元2387,中美晶5483,大立光3008,喬山1736,綠界科技*6763,松翰5471,遠東新1402,瑞儀6176,喬山1736,卜蜂1215,中美晶5483,欣銓3264,旺矽6223,均華6640,欣銓3264,聯亞3081,台半5425,聯亞3081,新普6121,大學光3218,大學光3218,聯亞3081,鈊象3293,宜鼎5289,信驊5274,鈊象3293,
志聖2467,宜新實業4440,堤維西1522,科妍1786,旺旺保2816,志聯2024,華航2610,大亞1609,環泥1104,台汽電8926,士紙1903,國揚2505,GOGOLOOK6902,保瑞6472,訊連5203,大洋1321,緯穎6669,王品2727,德淵4720,億豐8464,長華*8070,士電1503,瑞祺電通6416,研華2395,三商2905,厚生2107,亞翔6139,上緯投控3708,冠西電2466,大統益1232,鑽石投資6901,南亞科2408,勝悅-KY1340,中釉1809,大魯閣1432,愛地雅8933,青鋼8930,竹陞科技6739,健椿4561,擎亞8096,信驊5274,永捷4714,德宏5475,德麥1264,能率5392,創泓科技7714,新鼎5209,中菲行5609,金洲4417,萬達寵物6968,欣泰8917,茂生農經1240,弘煜科6482,福邦證6026,,叡揚6752,東友5438,六角2732,天宇8171,益安6499,泰霖8080,世坤4305,豪勉6218,富味鄉1260,公信8119,展逸6798,鐳洋科技6980,台視8329,綠岩能源7833,安盛生6734,,倍利科7822,,,燁聯9957,歐特明2256,遠壽5859,,紅陽7745,高福4773,聯享3678,振躍精密6705,年程3117,,華芸科技7801,群運6911,老四川2741,床的世界2938,,百一6152,公信8119,宜鼎5289,華碩2357,富世達6805,亞帝歐3516,宏觀6568,華新科2492,精英2331,華碩2357,物聯6565,弘塑3131,台灣大3045,友威科3580,立端6245,虹堡5258,西柏3541,有成精密4949,德宏5475,連展投控3710,雍智科技6683,明曜科技7890,地心引力3629,哲固3434,精星8183,州巧3543,彩富5489,益登3048,旭品3325,91APP*-KY6741,聯強2347,均華6640,北祥科服7785,新門5432,譜瑞-KY4966,雄獅2731,鳳凰5706,瑞儀6176,南緯1467,永豐餘1907,正崴2392,貿聯-KY3665,研華2395,達運6120,千附精密6829,碩天3617,光洋科1785,橘子6180,為升2231,崧騰3484,正崴2392,振樺電8114,敬鵬2355,仁寶2324,宜鼎5289,兆利3548,嘉晶3016,華晶科3059,大宇資6111,永豐餘1907,正崴2392,愛地雅8933,嘉彰4942,中鋼2002,燁輝2023,威剛3260,威剛3260,弘塑3131,力領科技6996,原相3227,泰茂2230,宜鼎5289,泰茂2230,元太8069,新應材4749,宜鼎5289,均華6640,光洋科1785,信驊5274,中美晶5483,光洋科1785,
健策3653,嘉裕1417,華勝-KY2248,永光1711,遠東銀2845,運錩2069,台航2617,宏泰1612,信大1109,全國9937,正隆1904,皇翔2545,富邦媒8454,泰博4736,精誠6214,富林-KY1341,事欣科4916,新天地8940,國精化4722,嘉威3557,崇越5434,時碩工業4566,友訊2332,尼得科超眾6230,麗嬰房2911,鑫永銓2114,貿聯-KY3665,中台6923,全台3038,愛之味1217,裕慶-KY6957,旺宏2337,強信-KY4560,凱撒衛1817,東哥遊艇8478,祺驊1593,世豐2065,聖暉*5536,精湛2070,亞矽6113,瑞耘6532,聚和6509,華容5328,金穎生技1796,由田3455,欣新網2949,淳紳4529,陸海5603,東隆興4401,詩肯6195,,,智崴5263,美好證6021,,智聯服務6751,撼訊6150,旅天下6961,綠電8440,欣大健康4198,新潤6186,,康全電訊8089,遠東生技6886,元鈦科7892,歐都納2940,大鵬科CLMX7689,學習王6780,國際海洋7583,禾生技4194,,恆勁科技6920,,,,宇辰系統7813,公勝保經6028,,任開數位7904,天弘化7742,旭東4537,寶元數控4587,紘通5271,,藍新資訊6938,智生活7836,QBurger7797,捷博7831,,友訊2332,振樺電8114,尼得科超眾6230,淳安6283,志豐3206,研晶6559,凌通4952,聚鼎6224,捷波6161,緯創3231,甲尚6882,久元6261,中華電2412,匯鑽科8431,常珵8097,茂訊3213,漢平2488,台虹8039,金像電2368,健和興3003,長科*6548,立德3058,,敘豐3485,佳世達2352,錸德2349,三聯5493,巨虹8084,勤誠8210,知識科技7551,順發6154,竹陞科技6739,資通2471,聯享3678,祥碩5269,南仁湖5905,群創3481,健鼎3044,儒鴻1476,米斯特2941,森崴能源6806,致伸4915,健策3653,智晶5245,兆聯實業6944,桓鼎-KY5543,新應材4749,夏都2722,六暉-KY2115,錩新2415,和碩4938,雄獅2731,仁寶2324,力麗1444,旺玖6233,瑞儀6176,合晶6182,光寶科2301,歐買尬3687,米斯特2941,凌巨8105,寶成9904,台郡6269,旺玖6233,聚亨2022,元太8069,新普6121,精測6510,鈊象3293,順達3211,松瑞藥4167,綠界科技*6763,松瑞藥4167,環球晶6488,旺矽6223,兆利3548,力領科技6996,新應材4749,新普6121,威剛3260,新應材4749,
台光電2383,聚隆1466,耿鼎1524,長興1717,聯邦銀2838,第一銅2009,台驊控股2636,億泰1616,亞泥1102,大台北9908,寶隆1906,宏盛2534,奧義賽博-KY創7823,科妍1786,傳奇4994,台塑1301,勤誠8210,寒舍2739,材料*-KY4763,慶豐富9935,益登3048,台灣精銳4583,合勤控3704,明泰3380,統領2910,台橡2103,洋基工程6691,山林水8473,瑞軒2489,佳格1227,必應6625,愛普*6531,騰輝電子-KY6672,,巨大9921,鉅明8928,建錩5014,漢科3402,金雨4503,光菱8032,華景電6788,大立4716,中探針6217,漢田生技1294,中光電5371,安碁資訊6690,國統8936,正德2641,竣邦-KY4442,宏太-KY2924,,,昱泉6169,元大期6023,,緯軟4953,力致3483,築間7723,天方能源3073,中裕4147,雙喜5516,,振曜6143,王子製藥6935,沅聖6638,,智通聯網3473,帝圖6650,合水先進7857,仲恩生醫7729,,碩正科技7669,,,,奇鼎科技6849,歐付寶6878,,達人網7839,兆捷科技6959,山太士3595,儒億6604,聯致3585,,碩豐6536,宏羚7885,路易莎咖啡2758,,,統新6426,飛捷6206,致伸4915,統振6170,兆利3548,建祥國際3603,博士旺3555,立隆電2472,永擎7711,融程電3416,力新5202,博磊3581,,威力暘-創6988,韋僑6417,偉聯9912,晉倫6151,安集6477,合正5381,正崴2392,宇川精材7887,力銘3593,,東捷8064,鴻海2317,吉祥全2491,,方土昶6265,華孚6235,尚凡*5278,全國電6281,科嶠4542,倍力6874,華宏8240,威鋒電子6756,聯華1229,力鵬1447,台郡6269,廣越4438,榮運2607,恒耀8349,正崴2392,群創3481,友達2409,中聯資源9930,大同2371,旺矽6223,六福2705,怡利電2497,亞光3019,南電8046,智邦2345,普誠6129,瑞儀6176,健和興3003,健鼎3044,環球晶6488,,信驊5274,榮運2607,矽創8016,力山1515,緯創3231,桓鼎-KY5543,允強2034,環球晶6488,台燿6274,信驊5274,新應材4749,新普6121,巨漢6903,艾訊3088,巨漢6903,世界5347,智通*8932,精測6510,長科*6548,台半5425,台燿6274,穩懋3105,旺矽6223,
欣興3037,東和1414,劍麟2228,承業醫4164,台產2832,彰源2030,台船2208,華電1603,台泥乙特1101B,新海9926,永豐餘1907,宏璟2527,中華資安7765,視陽6782,敦陽科2480,台苯1310,華擎3515,鳳凰5706,中華化1727,櫻花9911,大聯大3702,大量3167,台通8011,福懋科8131,高林2906,華豐2109,旭隼6409,可寧衛*8422,億光2393,聯華1229,中福1435,宇瞻8271,眾達-KY4977,,寶成9904,邁達康9960,恒耀8349,閎康3587,大井泵浦6982,全達8068,竑騰7751,大恭4706,良維6290,金利食安7743,友輝4933,網家8044,大甲2221,,新昕纖4406,寶雅5904,,,寬宏藝術6596,大展證6020,,天剛5310,新盛力4931,海灣3252,新門5432,皇將4744,鑫龍騰3188,,立端6245,品元6963,拍檔3097,,大大寬頻7901,友松6583,傑智環境6723,樂迦再生6891,,創新服務7828,,,,泰創工程6750,,,ACpay6984,博瑞達應材6972,敘豐3485,碩陽電機4589,喬越7896,,來毅數位7834,倍利創投7882,饗賓7883,,,眾達-KY4977,凌華6166,東友5438,美律2439,欣厚-KY4924,機光科技6729,力領科技6996,越峰8121,東擎科技7710,藍天2362,意藍6925,蔚華科3055,,熱映3373,華電網6163,上福6128,元山6275,旭東環保1343,恆勁科技6920,華盈3520,立達5262,偉訓3032,,奇偶3356,,鑫科3663,,凱崴5498,巨騰-DR9136,新零售3085,志旭8067,意德士7556,普鴻6590,群創3481,創惟6104,寶得利5301,新纖1409,正崴2392,宏遠1460,歐買尬3687,中鋼構2013,長興1717,台半5425,瑞鼎3592,山林水8473,立德3058,智通*8932,技嘉2376,橙的4554,建準2421,今國光6209,明基材8215,尼得科超眾6230,台郡6269,大同2371,台郡6269,辛耘3583,,微星2377,歐買尬3687,和碩4938,滿心2916,正達3149,健和興3003,車王電1533,世界5347,元太8069,穩懋3105,昱展新藥6785,環球晶6488,均華6640,昇佳電子6732,均華6640,力旺3529,弘塑3131,艾訊3088,旺矽6223,旺矽6223,元太8069,環球晶6488,智通*8932,
聯德3308,東華1418,麗清3346,勝一1773,臺企銀2834,新光鋼2031,龍德造船6753,合機1618,台泥1101,台塑化6505,,建國5515,伊雲谷6689,台康生技6589,華經2468,台化1326,普安2495,國賓2704,永光1711,成霖9934,全科3209,高力8996,圓展3669,祥碩5269,潤泰全2915,國際中橡2104,致茂2360,日友8341,鈺德3050,卜蜂1215,台數科6464,光罩2338,全宇生技-KY4148,,復盛應用6670,明係6804,松和5016,弘塑3131,元創精密3685,利機3444,新應材4749,國碳科4754,穩得6761,中華食4205,熒茂4729,歐買尬3687,旭源8421,,興采4433,唐鋒4609,,,桂田文創4806,台名5878,,驊宏資6148,宜鼎5289,山富2743,裕山7715,強生4747,富旺6219,,韋僑6417,騰勢7889,東擎科技7710,,稜研科技*7812,影一8458,明曜科技7890,安立璽榮-KY7871,,擷發科7796,,,,騏億鑫7848,,,美賣*6473,芝普7858,建騰5240,宏偉4565,來穎7816,,采威國際6868,清淨海7516,亞果遊艇7566,,,東訊2321,艾訊3088,圓剛2417,晨訊科-DR912000,揚博2493,立誠6597,大中6435,臺慶科3357,華擎3515,宏碁2353,訊連5203,家登3680,,碩天3617,佐臻4980,輔信2405,亞弘電6201,長興1717,建榮5340,台端3432,麗正2302,曜越3540,,均豪5443,,龍翩5267,,文曄3036,振發5426,創業家8477,神腦2450,有成精密4949,凌網5212,彩晶6116,宏致3605,宏太-KY2924,友達2409,和碩4938,聚陽1477,榮成1909,上緯投控3708,和碩4938,敬鵬2355,均豪5443,台境*8476,盈正3628,弘塑3131,劍湖山5701,系統電5309,,泰碩3338,大同2371,明基材8215,致伸4915,和碩4938,致伸4915,昇陽半導體8028,,華碩2357,榮成1909,凌華6166,光隆8916,志超8213,凌華6166,寶成9904,力旺3529,世界5347,環球晶6488,旺矽6223,世界5347,德宏5475,立端6245,德宏5475,群聯8299,宜鼎5289,昇佳電子6732,弘塑3131,鑫聯大投控3709,力旺3529,世界5347,弘塑3131,
台達電2308,台南1473,吉茂1587,國光生4142,華票2820,中鴻2014,星宇航空2646,燦星網4930,,,,永固-KY5546,資拓宏宇6614,望隼4771,資通2471,國喬1312,威強電3022,八方雲集2753,長興1717,匯僑設計6754,增你強3028,亞力1514,星通3025,南亞科2408,欣欣2901,申豐6582,德律3030,熙特爾-創7740,佳能2374,南僑1702,川飛1516,南茂8150,IKKA-KY2250,,拓凱4536,,世鎧2063,信紘科6667,永彰4523,華豫寧6474,威剛3260,誠泰科技4767,能率網通8071,,泰谷3339,宏碁資訊6811,能率亞洲7777,,郡都開發4402,寶陞2948,,,華義3086,,,東捷資訊6697,協禧3071,聯發國際2756,中茂5205,精華1565,聯上4113,,萬泰科6190,,博來科技7562,,,,益鈞環科*6912,國鼎4132,,丹立7866,,,,神數7821,,,極風雲創7826,磐采4765,梭特6812,傑生4570,美強光6915,,鼎恒6738,野獸國6995,巨宇翔2760,,,友勁6142,安圖斯7875,奇鋐3017,亞元6109,晶技3042,雷笛克光學5230,天鈺4961,禾伸堂3026,映泰2399,營邦3693,實威8416,辛耘3583,,貿聯-KY3665,大鵬科CLMX7689,歐格3002,東科-KY5225,開陽能源6839,騰輝電子-KY6672,詮欣6205,凌航3135,聯昌2431,,高僑6234,,錦明3230,,大拓-KY8455,鴻準2354,寶雅5904,燦坤2430,長廣7795,零壹3029,達運6120,優群3217,美食-KY2723,雄獅2731,嘉聯益6153,,91APP*-KY6741,廣錠6441,嘉聯益6153,憶聲3024,TPK-KY3673,康那香9919,廣錠6441,宜鼎5289,宇峻3546,,,泰鼎-KY4927,飛捷6206,正崴2392,矽創8016,凌華6166,嘉聯益6153,台勝科3532,,遠傳4904,91APP*-KY6741,艾訊3088,大田8924,大立光3008,嘉泥1103,統一1216,群聯8299,群聯8299,世界5347,浩鼎4174,群聯8299,力領科技6996,金居8358,力領科技6996,精材3374,台特化4772,信驊5274,環宇-KY4991,系微6231,群聯8299,力旺3529,宜鼎5289,
泰鼎-KY4927,儒鴻1476,智伸科4551,台耀4746,凱基金2883,聚亨2022,建新國際8367,禾聯碩5283,,,,昇陽3266,微程式7721,寶齡富錦1760,凌群2453,炎洲4306,輔信2405,雲品2748,南寶4766,峰源-KY6807,聯強2347,中砂1560,海華3694,鼎元2426,金麗-KY8429,泰豐2102,迅得6438,平和環保-創6771,錸德2349,臺鹽1737,遠見3040,日月光投控3711,貿聯-KY3665,,志強-KY6768,,榮剛5009,矽科宏晟6725,萬在4543,倍微6270,台星科3265,泓瀚4741,南俊國際6584,,伯特光6859,新零售3085,達輝-KY5276,,雙邦6506,滿心2916,,,智基6294,,,晉泰6221,欣厚-KY4924,易飛網2734,進能服6692,上亞科技6130,力麒5512,,璟德3152,,樺緯物聯7455,,,,天能綠電7842,漢康-KY7827,,眾智6819,,,,和亞智慧7825,,,知識科技7551,,研晶6559,盛復4553,相互6407,,程曦資訊6898,天力離岸6793,乾杯1269,,,智邦2345,廣積8050,鼎翰3611,閎暉3311,百容2483,佰鴻3031,九齊6494,凱美2375,,佳世達2352,偉康科技6865,陞泰8072,,位速3508,富爾特6136,濱川1569,安普新6743,森崴能源6806,敬鵬2355,良維6290,新應材4749,幸康3332,,由田3455,,華晶科3059,,大聯大3702,晟銘電3013,數字5287,展碁國際6776,敘豐3485,采威國際6868,新應材4749,鴻海2317,大成1210,台虹8039,富采3714,,信驊5274,亞泥1102,寶成9904,松翰5471,錸德2349,平和環保-創6771,勝德3296,台特化4772,南僑1702,,,創惟6104,凌華6166,晶技3042,和碩4938,艾訊3088,富采3714,,,東森2614,信驊5274,大拓-KY8455,利勤4426,玉晶光3406,台泥1101,力山1515,聖暉*5536,聖暉*5536,萬潤6187,系微6231,聖暉*5536,竹陞科技6739,廣積8050,竹陞科技6739,聖暉*5536,印能科技7734,是方6561,漢磊3707,千附精密6829,聖暉*5536,群聯8299,台特化4772,
宏致3605,業旺1475,宇隆2233,日勝化1735,彰銀2801,春源2010,長榮航2618,聲寶1604,,,,達欣工2535,一零四3130,愛派司6918,零壹3029,恆大1325,歐格3002,好樂迪9943,勝一1773,福興9924,威健3033,中興電1513,華冠8101,柏承6141,遠百2903,正新2105,巨路6192,佳龍9955,中環2323,泰山1218,東森2614,義隆2458,英利-KY2239,,波力-KY8467,,晉椿2064,安葆7792,朋程8255,茂綸6227,均豪5443,磐亞4707,建榮5340,,聯一光3441,碩網7547,富堡8929,,,上洋6728,,,時報8923,,,勤崴國際6516,加百裕3323,五福2745,麗升能源8087,松瑞藥4167,德昌5511,,鼎天3306,,愛比科技6858,,,,旭東環保1343,安成生技6610,,芯測6786,,,,聯剛科技7870,,,北祥科服7785,,機光科技6729,春日4544,睿信7893,,經貿聯網7841,敏成健康4431,維格餅家2733,,,威聯通7805,伍豐8076,喬鼎3057,及成3095,鑫禾4999,榮創3437,普誠6129,雲嘉南3191,,廣達2382,全景軟體8272,,,倚強科3219,萬泰科6190,永崴投控3712,微端3285,磐亞4707,台虹8039,岳豐6220,台半5425,佐茂7854,,京晨科6419,,山太士3595,,弘憶股3312,迎廣6117,一零四3130,宏碁遊戲6908,梭特6812,華經2468,智晶5245,宣德5457,國賓2704,力特3051,TPK-KY3673,,瑞昱2379,亞力1514,正新2105,台郡6269,千附8383,惠民實業6971,旭隼6409,印能科技7734,,,,群光2385,艾訊3088,華新科2492,海華3694,文曄3036,喬鼎3057,,,長榮2603,瑞昱2379,微星2377,復盛應用6670,燦坤2430,奇鋐3017,盛餘2029,,,,弘塑3131,,長科*6548,良維6290,長科*6548,,威聯通7805,均豪5443,精測6510,五福2745,,,印能科技7734,
佳必琪6197,利勤4426,為升2231,東聯1710,王道銀乙特2897B,東和鋼鐵2006,宅配通2642,大山1615,,,,中工2515,愛爾達-創8487,承業醫4164,,地球1324,凌華6166,萬企2701,日勝化1735,,蔚華科3055,東元1504,建漢3062,精金3049,統一超2912,,柏騰3518,華懋5292,翔耀2438,大成1210,中視9928,華邦電2344,美食-KY2723,,柏文8462,,友鋮7718,鑫科3663,擎邦6122,順發6154,力旺3529,台蠟1742,崴寶7744,,萬達光電5220,威聯通7805,新華5481,,,特昇-KY6616,,,辣椒4946,,,仁大資訊7767,艾訊3088,寶得利5301,崑鼎6803,太景*-KY4157,坤悅5206,,前鼎4908,,佐茂7854,,,,三大未來7761,藥祇7878,,宇川精材7887,,,,旭誼7849,,,,,坦德科技6867,銓寶4575,格斯科技*6940,,捷智商訊6816,智寶7824,橘焱胡同2761,,,凱碩8059,融程電3416,泰金寶-DR9105,,泰碩3338,富采3714,富鼎8261,三集瑞-KY6862,,英業達2356,鼎恒6738,,,尖點8021,互動6486,建碁3046,,怡和國際7590,健鼎3044,幃翔6185,宇瞻8271,博大8109,,單井3490,,佳能2374,,長華*8070,,網家8044,,印能科技7734,虎門科技6791,友達2409,通嘉3588,潤泰全2915,明基材8215,可成2474,,東森2614,濾能6823,新麥1580,IKKA-KY2250,頎邦6147,基士德-KY6641,廣隆1537,精測6510,,,,茂達6138,奇偶3356,聚鼎6224,今國光6209,盛群6202,雙鴻3324,,,宅配通2642,東森2614,華碩2357,柏文8462,鴻海2317,長榮2603,鑽全1527,,,,信立4303,,鈊象3293,永信建5508,鈊象3293,,精測6510,岱稜3303,東捷8064,宜鼎5289,,,精測6510,
大毅2478,得力1464,倉佑1568,三晃1721,王道銀行2897,新鋼2032,志信2611,中電1611,,,,上曜1316,,晶碩6491,,再生-KY1337,全友2305,第一店2706,東聯1710,,豐藝6189,寶一8222,智易3596,旺宏2337,特力2908,,碩天3617,昶昕8438,華晶科3059,味全1201,中鼎9933,華東8110,材料*-KY4763,,美利達9914,,雄順2073,達航科技4577,福裕4513,昱捷3232,家登3680,永純4711,千如3236,,杭特3297,德鴻6910,晟田4541,,,振宇五金2947,,,霹靂8450,,,台灣銘板6593,宸曜6922,御嵿3522,惠民實業6971,優盛4121,永信建5508,,聯光通4903,,普達系統6599,,,,三地能源6946,宣捷幹細胞4724,,頌勝科技7768,,,,斯其大6648,,,,,景傳5248,華德動能2237,欣訊科技5254,,威睿8298,聖州7764,開展7789,,,創威6530,研揚6579,承啟2425,,州巧3543,億光2393,松翰5471,蜜望實8043,,神基3005,中華資安7765,,,盈正3628,現觀科6906,大眾控3701,,鈺德3050,台郡6269,睿信7893,眾智6819,海韻電6203,,昇銳3128,,能率5392,,豐藝6189,,富邦媒8454,,天正國際6654,邁達特6112,錸寶8104,嘉澤3533,遠百2903,健鼎3044,新日興3376,,第一金2892,東方風能7786,南六6504,貿聯-KY3665,聯詠3034,千附8383,全漢3015,信驊5274,,,,鴻海2317,華碩2357,茂迪6244,華碩2357,零壹3029,可成2474,,,嘉里大榮2608,第一金2892,金寶2312,桂盟5306,台積電2330,中電1611,亞崴1530,,,,宜鼎5289,,光洋科1785,中美晶5483,光洋科1785,,信驊5274,中美晶5483,德微3675,兆利3548,,,信驊5274,
嘉澤3533,力鵬1447,和大1536,上曜1316,國泰金乙特2882B,長榮鋼2211,嘉里大榮2608,艾美特-KY1626,,,,新美齊2442,,正瀚-創6534,,達新1315,樺漢6414,晶華2707,三晃1721,,弘憶股3312,樂事綠能1529,啟碁6285,志聖2467,阿瘦8443,,金寶2312,東方風能7786,吉祥全2491,台榮1220,卓越2496,創見2451,虹揚-KY6573,,中傑-KY6965,,大國鋼8415,銳澤7703,科際精密4568,巨虹8084,翔名8091,晶呈科技4768,金山電8042,,新鉅科3630,綠界科技*6763,斐成3313,,,來思達8066,,,網龍3083,,,大綜3147,泓格3577,亞洲藏壽司2754,保綠-KY8423,逸達6576,昇益5455,,及成3095,,,,,,佳運7783,竟天6917,,聖凰7880,,,,凱銳光電2255,,,,,云光3633,宏于電機7869,榮炭6555,,,怡和國際7590,豊漁7847,,,海華3694,台鋼建設3521,普安2495,,台翰1336,台亞2340,旺玖6233,勤凱4760,,神達3706,蒙恬5211,,,淳安6283,豪勉6218,,,茂迪6244,定穎投控3715,太空梭2440,千附精密6829,美琪瑪4721,,博磊3581,,邑錡7402,,茂綸6227,,關貿6183,,倍利科7822,實威8416,力特3051,偉詮電2436,老爺知5704,瑞智4532,譜瑞-KY4966,,宅配通2642,世紀鋼9958,同致3552,健和興3003,盟立2464,力麒5512,中興電1513,金居8358,,,,台積電2330,遠傳4904,今國光6209,遠傳4904,均豪5443,新日興3376,,,橘子6180,宅配通2642,均豪5443,百和興業-KY8404,聯發科2454,第一金2892,喬福1540,,,,精確3162,,大學光3218,茂綸6227,大學光3218,,金居8358,沛波6248,昇佳電子6732,精測6510,,,金居8358,
信邦3023,南紡1440,百達-KY2236,旭富4119,富邦特2881A,燁興2007,中航2612,三洋電1614,,,,聯上發2537,,藥華藥6446,,永裕1323,研揚6579,三商餐飲7705,國化1713,,安馳3528,氣立4555,正文4906,健策3653,三商家購2945,,鴻海2317,青新-創6951,正達3149,皇家可口7791,阜爾運通6914,鴻勁7769,TPK-KY3673,,桂盟5306,,恒耀甲特8349A,朋億*6613,百德4563,三顧3224,精測6510,,科嶠4542,,華宏8240,意藍6925,鉅邁8435,,,炎洲流通3171,,,得利影6144,,,實威8416,西勝3625,豆府2752,衛司特6894,訊聯基因4160,士開5324,,神準3558,,,,,,前端風電7702,欣耀6634,,益芯科7707,,,,為昇科2252,,,,,和詮6673,長亨4546,連鋐科技6755,,,利百景7578,,,,環天科3499,欣技6160,全友2305,,加高8182,同欣電6271,點晶3288,鈺鎧5228,,,淘米6428,,,無敵8201,振曜6143,,,德淵4720,嘉聯益6153,鎰勝6115,環宇-KY4991,迅德6292,,杭特3297,,,,增你強3028,,美而快5321,,皇將4744,松崗6240,明基材8215,鈺創5351,味全1201,和碩4938,大立光3008,,嘉里大榮2608,中興電1513,皇田9951,矽創8016,帆宣6196,幸福1108,科風3043,良維6290,,,,鴻準2354,廣積8050,錩泰1541,瑞昱2379,廣積8050,譜瑞-KY4966,,,創業家8477,嘉里大榮2608,廣積8050,鉅明8928,台表科6278,樺漢6414,皇田9951,,,,印能科技7734,,新應材4749,漢科3402,新應材4749,,雙鴻3324,漢來美食1268,信驊5274,北基8927,,,良維6290,
康舒6282,聚陽1477,裕隆2201,和康生1783,上海商銀5876,威致2028,裕民2606,大東電1623,,,,皇昌2543,,台新藥6838,,國喬特1312A,神達3706,夏都2722,毛寶1732,,陞泰8072,富田-創4590,兆勁2444,智邦2345,永邑-KY2939,,固緯2423,台境*8476,大立光3008,宏亞1236,八貫1342,菱生2369,錼創科技-KY創6854,,世界健身-KY2762,,有益9962,友威科3580,桓達4549,志旭8067,萬潤6187,,詠昇6418,,久正6167,尚凡*5278,森鉅8942,,,全家5903,,,宇峻3546,,,倍力6874,旭品3325,金色三麥7757,萬年清6624,易威1799,全心投控2718,,智捷8176,,,,,,金聯成7865,思捷優達-KY7829,,一元素6842,,,,,,,,,勝釩6979,日高1594,睿騰能源7758,,,群利7558,,,,萊德光電-KY7717,廣錠6441,森田8410,,新至陞3679,南良5450,矽創8016,光頡3624,,,德鴻6910,,,旭隼6409,,,,太極4934,競國6108,鴻呈6913,漢磊3707,耀勝3207,,慧友5484,,,,尚立3360,,騰雲6870,,華洋精機6983,華芸科技7801,瑞儀6176,,藍天2362,南電8046,美律2439,,創業家8477,潤泰材8463,百和9938,晶技3042,至上8112,國統8936,台汽電8926,中美晶5483,,,,台達電2308,瑞昱2379,醣聯4168,驊訊6237,高僑6234,祥碩5269,,,原相3227,創業家8477,高僑6234,明係6804,鈺創5351,中租-KY5871,春雨2012,,,,亞昕5213,,昱展新藥6785,欣銓3264,昱展新藥6785,,欣銓3264,欣銓3264,均豪5443,艾訊3088,,,中美晶5483,
聯茂6213,福懋1434,巨鎧精密-創2254,華廣4737,高雄銀甲特2836A,千興2025,台灣高鐵2633,,,,,欣陸3703,,國光生4142,,中石化1314,英業達2356,華園2702,和益1709,,精技2414,大同2371,宏達電2498,誠美材4960,台南-KY5906,,興能高6558,中聯資源9930,友達2409,福壽1219,康那香9919,矽力*-KY6415,中傑-KY6965,,鈺齊-KY9802,,金耘國際4950,耕興6146,精確3162,,旺矽6223,,汎瑋材料6967,,廣運6125,創業家8477,南良5450,,,集雅社2937,,,華研8446,,,全景軟體8272,振發5426,老爺知5704,,國邑*6875,力泰5520,,創威6530,,,,,,微電能源6883,善德生技4115,,漢測7856,,,,,,,,,龍翩5267,益材科技7879,太康精密6833,,,鑫囍創業7748,,,,隴華2424,樺漢6414,麗臺2465,,崧騰3484,弘凱5244,昇佳電子6732,佳邦6284,,,勤崴國際6516,,,啟發電6512,,,,強茂2481,榮科4989,矽瑪3511,精測6510,龍鋒3226,,晶睿3454,,,,全達8068,,美賣*6473,,建暐8092,神州-DR910861,嘉彰4942,,雅茗-KY2726,今國光6209,順達3211,,原相3227,台船2208,胡連6279,尼克森3317,擎亞8096,惠光6508,東元1504,雙鴻3324,,,,光寶科2301,晶達4995,緯創3231,宏碁2353,中磊5388,順達3211,,,宏碁2353,原相3227,研揚6579,銘旺實4432,,信大1109,為升2231,,,,昇佳電子6732,,建榮5340,臺慶科3357,建榮5340,,譜瑞-KY4966,臺慶科3357,巨有科技8227,91APP*-KY6741,,,雙鴻3324,
偉訓3032,聯發1459,怡利電2497,國化1713,聯邦銀甲特2838A,允強2034,慧洋-KY2637,,,,,名軒1442,,北極星藥業-KY6550,,台達化1309,飛捷6206,遠雄來2712,三福化4755,,全國電6281,喬福1540,達運光電8045,至上8112,農林2913,,鴻準2354,成信實業*-創6969,亞光3019,味王1203,潤泰材8463,華泰2329,世芯-KY3661,,來億-KY6890,,唐榮2035,同致3552,易發6425,,點序6485,,群翊6664,,雷笛克光學5230,數字5287,太普高3284,,,中美實4702,,,隆中6542,,,力新5202,欣技6160,劍湖山5701,,共信-KY6617,森寶3489,,其陽3564,,,,,,立盈7820,華宇藥6621,,政美應用7853,,,,,,,,,百辰3659,泓辰3616,,,,碳基7719,,,,星通3025,拍檔3097,科嘉-KY5215,,雙鴻3324,宏齊6168,信驊5274,日電貿3090,,,台灣銘板6593,,,震旦行2373,,,,中美晶5483,鉅橡8074,禾昌6158,德微3675,順達3211,,天鉞電5251,,,,昱捷3232,,夠麻吉8472,,暉盛-創7730,碩網7547,先益3531,,統一1216,華碩2357,新普6121,,中菲行5609,大詠城4538,為升2231,南電8046,敦泰3545,臺鹽1737,台達電2308,欣銓3264,,,,群聯8299,融程電3416,建暐8092,美律2439,實威8416,維熹3501,,,敦陽科2480,中菲行5609,欣技6160,百和9938,,博大8109,聯電2303,,,,合一4743,,台半5425,緯軟4953,台半5425,,原相3227,緯軟4953,中美晶5483,立端6245,,,欣銓3264,
三集瑞-KY6862,如興4414,鴻華先進-創2258,麗豐-KY4137,富邦金乙特2881B,春雨2012,中櫃2613,,,,,日勝生2547,,台耀4746,,華夏1305,銘異3060,,元禎1725,,展碁國際6776,東台4526,鋐寶科技6674,宇瞻8271,日成-KY4807,,昇貿3305,寶綠特-KY6887,佰鴻3031,統一1216,威宏-KY8442,京元電子2449,動力-KY6591,,,,強新5013,宜特3289,瑞穎8083,,長科*6548,,優群3217,,昇銳3128,大車隊2640,信實6721,,,弘帆8433,,,鈊象3293,,,虎門科技6791,濱川1569,南仁湖5905,,杏國4192,皇龍3512,,德晉3466,,,,,,寶晶能源*6987,微邦3184,,聯合聚晶6927,,,,,,,,,穎台科技6775,,,,,台灣積層8999,,,,中磊5388,安勤3479,廣明6188,,勝德3296,星亞7753,尼克森3317,九豪6127,,,諾亞克7724,,,同致3552,,,,永光1711,南電8046,太康精密6833,丹立7866,中碳1723,,辛耘3583,,,,利機3444,,ACpay6984,,創新服務7828,驊宏資6148,凌巨8105,,潤泰新9945,緯創3231,聯詠3034,,全家5903,陸海5603,儒鴻1476,今國光6209,,鉅邁8435,大亞1609,譜瑞-KY4966,,,,群電6412,中磊5388,強茂2481,瑞軒2489,樺漢6414,新普6121,,,技嘉2376,全家5903,鑫創3259,世界健身-KY2762,,正新2105,儒鴻1476,,,,中天4128,,旺矽6223,威剛3260,旺矽6223,,波若威3163,威剛3260,由田3455,茂迪6244,,,譜瑞-KY4966,
健鼎3044,偉全1465,東陽1319,毛寶1732,國泰特2882A,豐興2015,新興2605,,,,,潤弘2597,,旭富4119,,台聚1304,奇鋐3017,,和桐1714,,至上甲特8112A,力山1515,兆赫2485,一詮2486,,,和椿6215,基士德-KY6641,憶聲3024,天仁1233,龍邦2514,辛耘3583,茂林-KY4935,,,,,港建*3093,捷流閥業4580,,太欣5302,,九豪6127,,迎輝3523,昕奇雲端7747,花王8906,,,關中8941,,,橘子6180,,,三竹8284,富驊5465,皇家美食4419,,長聖6712,惠普8424,,亞元6109,,,,,,世紀樺欣7752,世基生醫7595,,新特7815,,,,,,,,,,,,,,凡事康7443,,,,聯寶6821,事欣科4916,順達3211,,業強6124,同方友友-DR911868,瑞鼎3592,鈺邦6449,,,威睿8298,,,德晉3466,,,,盈正3628,邑昇5291,建舜電3322,漢測7856,全漢3015,,易發6425,,,,崇越5434,,歐付寶6878,,漢科3402,資拓宏宇6614,矽創8016,,淘帝-KY2929,車王電1533,廣達2382,,智冠5478,中鼎9933,聯茂6213,久元6261,,中宇1535,系統電5309,威剛3260,,,,欣興3037,欣技6160,立隆電2472,光鼎6226,永彰4523,聯詠3034,,,中菲行5609,智冠5478,樺漢6414,儒鴻1476,,長榮航2618,廣越4438,,,,信驊5274,,浩鼎4174,橘子6180,浩鼎4174,,寶雅5904,宏捷科8086,欣銓3264,友輝4933,,,威剛3260,
聯穎3550,新紡1419,六方科-KY4569,五鼎1733,凱基金乙特2883B,中鋼構2013,榮運2607,,,,,富華新3056,,和康生1783,,亞聚1308,晟銘電3013,,展宇1776,,燦坤2430,豐祥-KY5288,訊舟3047,光罩2338,,,旭暉應材6698,雲豹能源6869,銘旺科2429,黑松1234,南六6504,嘉雨思-創6921,中租-KY5871,,,,,進泰電子3465,富強鑫6603,,力領科技6996,,高技5439,,安可3615,偉康科技6865,龍巖5530,,,光速火箭7782,,,寬魚國際6101,,,訊達6140,安勤3479,亞都5703,,威力德生醫7713,綠意2596,,普萊德6263,,,,,,華鉬6990,博錸6572,,英柏得7843,,,,,,,,,,,,,,溢泰實業7818,,,,正文4906,攸泰科技6928,營邦3693,,可成2474,翔耀2438,精拓科4951,信昌電6173,,,,,,互盛電2433,,,,中電1611,金居8358,鴻名3021,新特7815,新普6121,,廣運6125,,,,亞矽6113,,,,聯策6658,精誠6214,富晶通3623,,創業家8477,中美晶5483,鴻海2317,,玉山金2884,台汽電8926,鴻海2317,華碩2357,,崇越5434,華城1519,宏捷科8086,,,,,正文4906,加高8182,百和興業-KY8404,精誠6214,創惟6104,,,網龍3083,玉山金2884,永彰4523,廣越4438,,彰銀2801,聚陽1477,,,,是方6561,,系微6231,凌陽創新5236,系微6231,,漢達6620,橘子6180,譜瑞-KY4966,久元6261,,,宏捷科8086,
川湖2059,大宇1445,昭輝1339,和益1709,兆豐金2886,佳大2033,長榮2603,,,,,華固2548,,華廣4737,,聯成1313,映泰2399,,興農1712,,,瑞智4532,友勁6142,南茂8150,,,無敵8201,泓德能源6873,力特3051,聯華食1231,大華9905,威鋒電子6756,北極星藥業-KY6550,,,,,勤凱4760,和勤1586,,台半5425,,立敦6175,,高僑6234,東聯互動7738,白紗科8401,,,,,,誠品生活2926,,,嘉實3158,新普6121,富野2736,,中天4128,久舜5547,,正基6546,,,,,,聚恆4582,景凱6549,,映智6563,,,,,,,,,,,,,,,,,,智易3596,磐儀3594,達方8163,,動力-KY6591,光鼎6226,盛群6202,國巨*2327,,,,,,連宇2482,,,,華旭先進6682,博智8155,維熹3501,立衛5344,百徽6259,,陞泰8072,,,,安馳3528,,,,明遠精密7704,緯軟4953,和詮6673,,新天地8940,長華*8070,鴻準2354,,廣達2382,華新1605,聚陽1477,盛群6202,,中鼎9933,,原相3227,,,,,樺漢6414,泰金寶-DR9105,廣達2382,聯傑3094,廣達2382,,,數字5287,廣達2382,威剛3260,台南1473,,亞泥1102,台積電2330,,,,尚凡*5278,,智通*8932,安勤3479,智通*8932,,頎邦6147,原相3227,宏捷科8086,恒耀8349,,,原相3227,
天二科技6834,廣越4438,宏旭-KY2243,杏輝1734,台新新光庚特二2887H,美亞2020,亞航2630,,,,,太子2511,,華安6657,,,藍天2362,,中纖1718,,,恩德1528,盛達3027,台光電2383,,,盟立2464,森崴能源6806,國碩2406,興泰1235,廣豐1416,穎崴6515,光隆精密-KY4581,,,,,盈正3628,昶瑞機電7642,,德微3675,,胡連6279,,茂迪6244,博弘6997,合騏8937,,,,,,鑫傳6856,,,蒙恬5211,維田6570,燦星旅2719,,威健生技6661,安倉5548,,華電網6163,,,,,,台鎔科技6947,尖端醫4186,,鋒魁科技7530,,,,,,,,,,,,,,,,,,詠業6792,宸曜6922,新普6121,,佳穎3310,華興6164,億而得6423,金山電8042,,,,,,閎康3587,,,,錸德2349,亞電4939,欣訊科技5254,虹揚-KY6573,AES-KY6781,,冠西電2466,,,,敦吉2459,,,,矽科宏晟6725,國眾5410,友輝4933,,震旦行2373,可成2474,瀚荃8103,,網家8044,雲豹能源6869,毅嘉2402,同欣電6271,,雲豹能源6869,,波若威3163,,,,,智易3596,鑫創3259,東科-KY5225,東台4526,優群3217,,,宇峻3546,網家8044,原相3227,宏遠1460,,力達-KY4552,美利達9914,,,,均豪5443,,弘塑3131,原相3227,弘塑3131,,廣明6188,全心投控2718,凌陽創新5236,博智8155,,,波若威3163,
新巨2420,年興1451,車王電1533,三福化4755,第一保2852,大成鋼2027,四維航5608,,,,,宏普2536,,麗豐-KY4137,,,振樺電8114,,花仙子1730,,,羅昇8374,展達3447,帆宣6196,,,云辰2390,富威電力6994,,立萬利3054,福貞-KY8411,盛群6202,百達-KY2236,,,,,大拓-KY8455,高鋒4510,,家碩6953,,僑威3078,,勝品6556,美而快5321,光隆8916,,,,,,大宇資6111,,,普鴻6590,曜越3540,漢來美食1268,,長佳智能6841,大城地產6171,,凱碩8059,,,,,,禾迅綠電7897,醣基6586,,耀穎7772,,,,,,,,,,,,,,,,,,居易6216,新漢8234,樺緯物聯7455,,新日興3376,湯石照明4972,巨有科技8227,立敦6175,,,,,,光群雷2461,,,,統懋2434,宇環3276,驊陞6272,台亞2340,飛宏2457,,群翊6664,,,,威健3033,,,,川寶1595,三商電2427,華凌6916,,大洋-KY5907,欣銓3264,華通2313,,富邦媒8454,東元1504,閎暉3311,緯創3231,,旭然4556,,寶雅5904,,,,,啟碁6285,晟田4541,英業達2356,桂盟5306,鴻海2317,,,智冠5478,富邦媒8454,宏碁2353,聚陽1477,,中菲行5609,國巨*2327,,,,良維6290,,千附精密6829,寶雅5904,千附精密6829,,順達3211,寶雅5904,原相3227,均豪5443,,,寶雅5904,
建準2421,利華1423,IKKA-KY2250,元禎1725,台新新光庚特一2887G,官田鋼2017,萬海2615,,,,,欣巴巴9906,,向榮生技6794,,,華碩2357,,永記1726,,,中宇1535,譁裕3419,文曄3036,,,連宇2482,,,福懋油1225,jpp-KY5284,昇陽半導體8028,裕慶-KY6957,,,,,西柏3541,榮田7709,,群聯8299,,鴻呈6913,,富晶通3623,,大地-KY8437,,,,,,樂意7584,,,松崗6240,茂訊3213,雅茗-KY2726,,大江8436,豐謙5523,,常珵8097,,,,,,德揚7846,朗齊生醫*6876,,登豐7872,,,,,,,,,,,,,,,,,,啟碁6285,倫飛2364,科誠4987,,佐臻4980,麗清3346,瑞昱2379,鈞寶6155,,,,,,進泰電子3465,,,,亞力1514,晟鈦3229,建通2460,瑞耘6532,保銳8093,,旭東4537,,,,好德3114,,,,宇辰系統7813,天剛5310,全台3038,,安心1259,鑽全1527,台表科6278,,美而快5321,合騏8937,鉅祥2476,瑞昱2379,,華懋5292,,頎邦6147,,,,,三商電2427,普安2495,中華電2412,廣明6188,濱川1569,,,廣達2382,美而快5321,裕隆2201,鈺齊-KY9802,,兆豐金2886,和大1536,,,,永信建5508,,信立4303,頎邦6147,信立4303,,新普6121,頎邦6147,合晶6182,岱稜3303,,,頎邦6147,
日電貿3090,弘裕1474,廣華-KY1338,和桐1714,台新新光辛特2887I,三星5007,陽明2609,,,,,華友聯1436,,康霈*6919,,,光寶科2301,,中碳1723,,,高林股1531,神腦2450,欣興3037,,,美隆電2477,,,,百和9938,晶心科6533,淘帝-KY2929,,,,,橙的4554,皇田9951,,廣穎4973,,富喬1815,,久禾光6498,,冠好8354,,,,,,泰偉3064,,,大塚3570,東碩3272,力麗店5364,,馬光-KY4139,台鋼建設3521,,是方6561,,,,,,環拓科技7507,台睿6580,,智微4925,,,,,,,,,,,,,,,,,,波若威3163,AMAX-KY6933,寶德3349,,協益5356,一詮2486,驊訊6237,天二科技6834,,,,,,富致6642,,,,進能服6692,志超8213,胡連6279,創見2451,環科2413,,惠特6706,,,,華立3010,,,,龍翩5267,寶碩5210,TPK-KY3673,,夏都2722,正新2105,康舒6282,,台驊控股2636,台達電2308,台達電2308,車王電1533,,裕山7715,,廣明6188,,,,,華電網6163,力山1515,矽力*-KY6415,桓達4549,宣德5457,,,網家8044,台驊控股2636,凌陽2401,美利達9914,,永豐金2890,程泰1583,,,,中美晶5483,,宜鼎5289,台星科3265,宜鼎5289,,東洋4105,大國鋼8415,IET-KY4971,中美晶5483,,,廣明6188,
環科2413,南染1410,虎山7736,神隆1789,三商壽2867,中鋼2002,台灣虎航6757,,,,,新建2516,,五鼎1733,,,仁寶2324,,台肥1722,,,錩泰1541,中磊5388,義隆2458,,,所羅門2359,,,,潤泰新9945,十銓4967,冠星-KY4439,,,,,精星8183,駿吉-KY1591,,漢磊3707,,松上6156,,保勝光學6517,,益張8342,,,,,,,,,中菲5403,全譜6228,瓦城2729,,商之器8409,理銘6212,,榮群8034,,,,,,,晶鑽生醫6815,,科建7886,,,,,,,,,,,,,,,,,,盛達3027,精聯3652,同亨5490,,皇龍3512,全新2455,揚智3041,千如3236,,,,,,科風3043,,,,達能3686,霖宏5464,良得電2462,同欣電6271,聚和6509,,,,,,倍微6270,,,,廣化5297,晉泰6221,晶達4995,,六福2705,長榮航2618,臻鼎-KY4958,,聚陽1477,永崴投控3712,巨大9921,錼創科技-KY創6854,,萬年清6624,,順達3211,,,,,安勤3479,鑽全1527,鴻海2317,新漢8234,華通2313,,,華義3086,聚陽1477,廣明6188,岱宇1598,,春雨2012,巨大9921,,,,茂綸6227,,兆利3548,廣明6188,兆利3548,,大江8436,生泰1777,宏碩系統6895,由田3455,,,順達3211,
富世達6805,宏益1452,巧新1563,雃博4106,合庫金5880,燁輝2023,,,,,,櫻花建2539,,邦睿生技-創6955,,,宏碁2353,,東鹼1708,,,穎漢4562,中華電2412,華立3010,,,安普新6743,,,,政伸8481,茂矽2342,光麗-KY6431,,,,,三聯5493,崇友4506,,宏觀6568,,信昌電6173,,單井3490,,潤德6881,,,,,,,,,上奇6123,聰泰5474,宏易4530,,大學光3218,瑞築6198,,互動6486,,,,,,,博研醫藥7891,,慶康科技8098,,,,,,,,,,,,,,,,,,智通聯網3473,緯穎6669,群光2385,,谷崧3607,艾笛森3591,創意3443,興勤2428,,,,,,輝創6722,,,,茂矽2342,育富6194,松普5488,均豪5443,首利1471,,,,,,堡達3537,,,,亞泰金屬6727,敦陽科2480,久正6167,,長榮航2618,中華2204,明安8938,,志信2611,信邦3023,劍麟2228,立隆電2472,,,,新普6121,,,,,宏碁2353,大立光3008,台積電2330,精聯3652,台表科6278,,,富邦媒8454,志信2611,新漢8234,巨大9921,,南亞1303,劍麟2228,,,,雙鴻3324,,精確3162,順達3211,精確3162,,茂達6138,全家5903,頎邦6147,漢科3402,,,新普6121,
聯德控股-KY4912,台富1454,瑞利1512,懷特4108,永豐金2890,盛餘2029,,,,,,大將1453,,杏輝1734,,,動力-KY6591,,,,,鈞興-KY4571,富爾特6136,華邦電2344,,,漢平2488,,,,海悅2348,台亞2340,基士德-KY6641,,,,,天正國際6654,新麥1580,,環球晶6488,,系統電5309,,立軒6222,,中連5604,,,,,,,,,凱衛5201,同亨5490,全家餐飲7708,,軒郁6703,富宇4907,,易通展6241,,,,,,,永立榮6973,,廣化5297,,,,,,,,,,,,,,,,,,台林5353,東擎科技7710,捷波6161,,安力-KY5223,光鋐4956,聯陽3014,大毅2478,,,,,,固緯2423,,,,中釉1809,相互6407,宏致3605,錼創科技-KY創6854,格斯科技*6940,,,,,,光菱8032,,,,家碩6953,程曦資訊6898,光聯5315,,麗嬰房2911,建大2106,鼎炫-KY8499,,統一超2912,華城1519,聯合再生3576,界霖5285,,,,榮剛5009,,,,,事欣科4916,合晶6182,聯發科2454,氣立4555,康舒6282,,,中華電2412,統一超2912,聯詠3034,愛爾達-創8487,,玉山金2884,豐泰9910,,,,威剛3260,,綠界科技*6763,新普6121,綠界科技*6763,,優群3217,龍巖5530,台星科3265,欣銓3264,,,榮剛5009,
松川精密7788,昶和1468,大億1521,中化生1762,中信金乙特2891B,中鋼特2002A,,,,,,長虹5534,,晉弘6796,,,AMAX-KY6933,,,,,勤美1532,眾達-KY4977,華東8110,,,科風3043,,,,海悅甲特2348A,矽格6257,大洋-KY5907,,,,,岱稜3303,長佳4550,,億而得6423,,岳豐6220,,光聯5315,,裕國8905,,,,,,,,,寶碩5210,廣積8050,安心1259,,奈米醫材6612,鉅陞5529,,宇智6470,,,,,,,普生4117,,,,,,,,,,,,,,,,,,,,稜研科技*7812,泓格3577,東碩3272,,崇越電3388,立碁8111,世芯-KY3661,雷科6207,,,,,,怡利電2497,,,,聚恆4582,圓裕6835,優群3217,菱生2369,加百裕3323,,,,,,華豫寧6474,,,,千附8383,凌群2453,茂林-KY4935,,聯強2347,裕隆2201,日月光投控3711,,國泰金2882,裕民2606,欣興3037,順德2351,,,,台燿6274,,,,,中保科9917,光隆8916,信音6126,安馳3528,臻鼎-KY4958,,,台驊控股2636,國泰金2882,新保9925,民盛7811,,中信金2891,,,,,橘子6180,,環宇-KY4991,榮剛5009,環宇-KY4991,,崑鼎6803,新普6121,創惟6104,臺慶科3357,,,台燿6274,
楠梓電2316,宏和1446,裕日車2227,佳醫4104,中信金丙特2891C,高興昌2008,,,,,,愛山林2540,,神隆1789,,,廣達2382,,,,,鑽全1527,永道-KY6863,亞翔6139,,,光群雷2461,,,,信義9940,凌陽2401,ABC-KY6598,,,,,全域3067,龍鋒3226,,精材3374,,博智8155,,京晨科6419,,世紀*5314,,,,,,,,,海柏特6884,營邦3693,大略-KY4804,,順藥6535,三豐5514,,台林5353,,,,,,,瀚醫生技6999,,,,,,,,,,,,,,,,,,,,鋐寶科技6674,神基3005,聰泰5474,,英濟3294,泰谷3339,佑華8024,今展科6432,,,,,,福華8085,,,,泓德能源6873,慶生6210,艾恩特3646,強茂2481,新巨2420,,,,,,映興3597,,,,宏碩系統6895,大綜3147,創為精密6899,,金麗-KY8429,東台4526,,,,君帆4584,亞德客-KY1590,鑫創3259,,,,穩懋3105,,,,,台灣大3045,瑞軒2489,立積4968,廣達2382,建準2421,,,統一超2912,,佳世達2352,明安8938,,台船2208,,,,,健喬4114,,台特化4772,創惟6104,台特化4772,,台燿6274,榮剛5009,茂達6138,生展8279,,,穩懋3105,
廣宇2328,宜進1457,英利-KY2239,葡萄王1707,富邦金丙特2881C,東明-KY5538,,,,,,基泰2538,,ABC-KY6598,,,麗臺2465,,,,,日馳1526,閎暉3311,創見2451,,,達明4585,,,,中保科9917,迅杰6243,廣華-KY1338,,,,,啟發電6512,瀧澤科6609,,中美晶5483,,湧德3689,,邑錡7402,,亞通6179,,,,,,,,,凌網5212,廣寰科3287,洛碁8077,,基亞3176,三圓4416,,研勤3632,,,,,,,原創生醫6483,,,,,,,,,,,,,,,,,,,,智捷8176,威強電3022,加百裕3323,,元山6275,,鑫創3259,華容5328,,,,,,東研信超6840,,,,新晶投控3713,泰鼎-KY4927,貝爾威勒7861,中美晶5483,僑威3078,,,,,,至上8112,,,,政美應用7853,上奇6123,正達3149,,第一店2706,桂盟5306,,,,永冠-KY1589,豐泰9910,笙泉3122,,,,元太8069,,,,,磐儀3594,禾伸堂3026,鈺創5351,英業達2356,鼎炫-KY8499,,,鴻準2354,,雷虎8033,豐泰9910,,崇友4506,,,,,凌陽創新5236,,高端疫苗6547,閎康3587,高端疫苗6547,,元太8069,東洋4105,神盾6462,威剛3260,,,元太8069,
力銘3593,強盛新1463,三陽工業2206,生達1720,新產2850,,,,,,,遠雄5522,,青松健康6931,,,建碁3046,,,,,全球傳動4540,居易6216,貿聯-KY3665,,,敦吉2459,,,,泰銘9927,力積電6770,科嘉-KY5215,,,,,建暐8092,大詠城4538,,博士旺3555,,光頡3624,,天鉞電5251,,馥鴻5345,,,,,,,,,,新漢8234,,,健喬4114,,,統振6170,,,,,,,因華4172,,,,,,,,,,,,,,,,,,,,合勤控3704,維田6570,毅嘉2402,,安碁6174,,鈺寶-創3150,,,,,,,耕興6146,,,,台達電2308,佳總5355,信音6126,暉盛-創7730,三一東林3609,,,,,,三顧3224,,,,濾能6823,藍新資訊6938,星亞7753,,中菲行5609,華航2610,,,,,,啟碁6285,,,,僑威3078,,,,,新漢8234,復盛應用6670,,晶焱6411,,,,夠麻吉8472,,氣立4555,,,鴻海2317,,,,,安勤3479,,凱崴5498,朋億*6613,凱崴5498,,僑威3078,閎康3587,穩懋3105,亞洲藏壽司2754,,,僑威3078,
銘鈺4545,宏洲1413,堤維西甲特1522A,美吾華1731,台新新光戊特一2887E,,,,,,,國建2501,,雃博4106,,,緯創3231,,,,,正道1506,台揚2314,聯德3308,,,震旦行2373,,,,宏全9939,天虹6937,佐登-KY4190,,,,,美達科技6735,嘉鋼2067,,宏碩系統6895,,建舜電3322,,先進光3362,,伯鑫6904,,,,,,,,,,伍豐8076,,,佑全6929,,,台聯電4905,,,,,,,祥翊6676,,,,,,,,,,,,,,,,,,,,威潤6465,普達系統6599,撼訊6150,,日揚6208,,一元素6842,,,,,,,世禾3551,,,,倉和6538,晟楠3631,詠昇6418,界霖5285,榮炭6555,,,,,,擎亞8096,,,,朋億*6613,安碁資訊6690,久威6114,,佳格1227,易飛網2734,,,,,,昇銳3128,,,,環球晶6488,,,,,營邦3693,華晶科3059,,智原3035,,,,傳奇4994,,廣達2382,,,台驊控股2636,,,,,原相3227,,印能科技7734,精華1565,印能科技7734,,長聖6712,朋億*6613,翔名8091,宏捷科8086,,,環球晶6488,
瀚荃8103,集盛1455,江申1525,興農1712,高雄銀2836,,,,,,,潤隆1808,,懷特4108,,,承啟2425,,,,,利奇1517,隴華2424,仲琦2419,,,聯策6658,,,,大豐電6184,世芯-KY3661,力達-KY4552,,,,,晉倫6151,力肯1570,,茂達6138,,凡甲3526,,晶達4995,,樂威科-KY4154,,,,,,,,,,鑫聯大投控3709,,,博晟生醫6733,,,波若威3163,,,,,,,訊聯智藥7808,,,,,,,,,,,,,,,,,,,,榮昌3684,友通2397,昆盈2365,,富榮綱3115,,雅特力-KY6907,,,,,,,橙的4554,,,,寶晶能源*6987,榮惠-KY創6924,宣德5457,順德2351,興能高6558,,,,,,,,,,漢唐2404,三竹8284,晶采8049,,全家5903,大億1521,,,,,,原相3227,,,,世界5347,,,,,威盛2388,力成6239,,泓格3577,,,,昱泉6169,,晶焱6411,,,威強電3022,,,,,晉泰6221,,威聯通7805,大江8436,威聯通7805,,世界5347,胡連6279,環球晶6488,橘子6180,,,世界5347,
金像電2368,大東1441,光隆精密-KY4581,中纖1718,玉山金2884,,,,,,,順天5525,,南光1752,,,迎廣6117,,,,,大銀微系統4576,台灣大3045,長華*8070,,,淳安6283,,,,新保9925,來頡6799,金麗-KY8429,,,,,倚強科3219,健信4502,,品安8088,,信音6126,,碩禾3691,,紅木-KY8426,,,,,,,,,,廣明6188,,,寶島科5312,,,康聯訊3672,,,,,,,鑫品生醫4170,,,,,,,,,,,,,,,,,,,,樺緯物聯7455,瑞祺電通6416,元鈦科7892,,聯德控股-KY4912,,聚積3527,,,,,,,巨路6192,,,,達興材料5234,台光電2383,瀚荃8103,欣銓3264,台達電2308,,,,,,,,,,和淞6826,中菲5403,瑞軒2489,,雲品2748,崇越5434,,,,,,IET-KY4971,,,,家登3680,,,,,新保9925,鉅明8928,,普萊德6263,,,,地心引力3629,,瑞穎8083,,,台新新光金2887,,,,,光隆8916,,漢磊3707,胡連6279,漢磊3707,,耕興6146,元大期6023,朋程8255,健喬4114,,,家登3680,
揚博2493,力麗1444,汎德永業2247,亞諾法4133,群益期6024,,,,,,,國產2504,,中化生1762,,,虹堡5258,,,,,亞崴1530,美律2439,冠西電2466,,,尖點8021,,,,美吉吉-KY8466,嘉晶3016,三能-KY6671,,,,,雙鴻3324,寶緯4558,,普誠6129,,富致6642,,立碁8111,,天品6199,,,,,,,,,,捷波6161,,,濟生4111,,,台嘉碩3221,,,,,,,圓點奈米6797,,,,,,,,,,,,,,,,,,,,全科3209,鑫創電子6680,協禧3071,,希華2484,,全宇昕6651,,,,,,,柏騰3518,,,,台玻1802,柏承6141,康控-KY4943,逸昌3567,昇陽半導體8028,,,,,,,,,,敦吉2459,凱衛5201,立軒6222,,大略-KY4804,伸興1558,,,,,,聯傑3094,,,,耕興6146,,,,,佳世達2352,維熹3501,,鴻海2317,,,,旺宏2337,,泓格3577,,,中鼎9933,,,,,新麥1580,,精測6510,茂達6138,精測6510,,世禾3551,茂達6138,世界5347,安勤3479,,,耕興6146,
健和興3003,南緯1467,金興精密7732,花仙子1730,中信金2891,,,,,,,根基2546,,金萬林-創6645,,,精英2331,,,,,駐龍4572,遠傳4904,菱生2369,,,東科-KY5225,,,,鼎基6585,景碩3189,三集瑞-KY6862,,,,,熱映3373,進典6843,,合晶6182,,海韻電6203,,臺龍6246,,綠河-KY8444,,,,,,,,,,勁豐6577,,,加捷生醫4109,,,新復興4909,,,,,,,海昌生技7814,,,,,,,,,,,,,,,,,,,,德晉3466,博來科技7562,廣寰科3287,,濱川1569,,安格6684,,,,,,,永道-KY6863,,,,碩禾3691,易華電6552,廣宇2328,威剛3260,康舒6282,,,,,,,,,,蔚華科3055,創泓科技7714,云光3633,,華航2610,杏昌1788,,,,,,晶心科6533,,,,世紀*5314,,,,,易飛網2734,鼎天3306,,威強電3022,,,,,,鴻海2317,,,鴻準2354,,,,,中菲行5609,,東捷8064,優群3217,東捷8064,,M316643,亞泰4974,安國8054,原相3227,,,世紀*5314,
立隆電2472,冠星-KY4439,六暉-KY2115,永信3705,中再保2851,,,,,,,夆典3052,,佳醫4104,,,昆盈2365,,,,,力達-KY4552,詠業6792,矽力*-KY6415,,,互盛電2433,,,,百和興業-KY8404,通嘉3588,百和興業-KY8404,,,,,福華8085,方土霖4527,,捷創科技7810,,英濟3294,,智晶5245,,耀億4430,,,,,,,,,,安力-KY5223,,,霈方6574,,,聯亞3081,,,,,,,康聯生醫6665,,,,,,,,,,,,,,,,,,,,鼎天3306,碩豐6536,力致3483,,松上6156,,譜瑞-KY4966,,,,,,,昇貿3305,,,,聯合再生3576,聯茂6213,嘉澤3533,嘉晶3016,光寶科2301,,,,,,,,,,騏億鑫7848,勤崴國際6516,達輝光電6434,,晶華2707,聯電2303,,,,,,凌陽2401,,,,力旺3529,,,,,同亨5490,志旭8067,,新鼎5209,,,,,,威強電3022,,,國產2504,,,,,力麒5512,,北基8927,聚和6509,北基8927,,世紀*5314,崑鼎6803,家登3680,滿心2916,,,力旺3529,
建通2460,遠東新1402,和泰車2207,景岳3164,華南金2880,,,,,,,京城2524,,全宇生技-KY4148,,,倫飛2364,,,,,強信-KY4560,統新6426,事欣科4916,,,可成2474,,,,裕融甲特9941A,偉詮電2436,泰鼎-KY4927,,,,,佶優5452,台興3426,,久昌6720,,立誠6597,,欣普羅6560,,沈氏8921,,,,,,,,,,協益5356,,,生泰1777,,,德勝8048,,,,,,,和迅6986,,,,,,,,,,,,,,,,,,,,易通展6241,,西勝3625,,鉅祥2476,,笙泉3122,,,,,,,和椿6215,,,,元晶6443,台燿6274,紘通5271,宏捷科8086,立凱-KY5227,,,,,,,,,,新鼎5209,大塚3570,旭暉應材6698,,神腦2450,燦星旅2719,,,,,,圓裕6835,,,,中光電5371,,,,,輔信2405,精華1565,,盟立2464,,,,,,福裕4513,,,國泰金2882,,,,,廣明6188,,亞昕5213,台燿6274,亞昕5213,,竑騰7751,台燿6274,金麗科3228,白紗科8401,,,中光電5371,
興勤2428,宏遠1460,威力暘-創6988,永記1726,台新新光金2887,,,,,,,全坤建2509,,葡萄王1707,,,友通2397,,,,,伸興1558,東訊2321,華泰2329,,,聚賢研發-創7631,,,,立益1443,訊芯-KY6451,AMAX-KY6933,,,,,星雲8047,大億金茂8107,,笙科5272,,元山6275,,李洲3066,,慕康生醫5398,,,,,,,,,,寶德3349,,,醫影6637,,,光環3234,,,,,,,仁新6696,,,,,,,,,,,,,,,,,,,,宇智6470,,銘異3060,,泰詠6266,,研通6229,,,,,,,宜特3289,,,,,毅嘉2402,湧德3689,合晶6182,安鈦克6276,,,,,,,,,,光焱科技7728,海柏特6884,聯詠3034,,網家8044,昭輝1339,,,,,,同致3552,,,,高技5439,,,,,精聯3652,弘煜科6482,,東元1504,,,,,,盟立2464,,,台達電2308,,,,,順達3211,,德微3675,普萊德6263,德微3675,,力旺3529,普萊德6263,世紀*5314,聯合4129,,,高技5439,
鉅祥2476,大統新創1470,永新-KY4557,中碳1723,台新新光戊特二2887F,,,,,,,皇鼎5533,,生達1720,,,圓剛2417,,,,,建德工業6606,全新2455,台達電2308,,,亞弘電6201,,,,和潤企業乙特6592B,凌航3135,泰福-KY6541,,,,,東研信超6840,宏佳騰1599,,譜瑞-KY4966,,正淩8147,,晶采8049,,藝舍-KY2724,,,,,,,,,,鑫創電子6680,,,聿新科4161,,,環天科3499,,,,,,,優你康4150,,,,,,,,,,,,,,,,,,,,神準3558,,誠研3494,,錩新2415,,矽統2363,,,,,,,意騰-KY7749,,,,,同泰3321,映興3597,IET-KY4971,來穎7816,,,,,,,,,,鴻勁7769,仁大資訊7767,元創精密3685,,富邦媒8454,華立3010,,,,,,威盛2388,,,,萬潤6187,,,,,晶睿3454,雋揚1439,,台達電2308,,,,,,昆盈2365,,,巨路6192,,,,,數字5287,,艾訊3088,佳邦6284,艾訊3088,,萬潤6187,崇友4506,亞信3169,寶雅5904,,,萬潤6187,
鈺邦6449,,中華2204,台肥1722,國泰金2882,,,,,,,太設2506,,美吾華1731,,,神基3005,,,,,廣隆1537,百一6152,宏致3605,,,輝創6722,,,,中租-KY5871,超豐2441,富林-KY1341,,,,,微端3285,世德2066,,笙泉3122,,泰詠6266,,哲固3434,,三貝德8489,,,,,,,,,,森田8410,,,明達醫6527,,,榮昌3684,,,,,,,彥臣4732,,,,,,,,,,,,,,,,,,,,建漢3062,,全譜6228,,汎瑋材料6967,,凌陽創新5236,,,,,,,宏羚7885,,,,,松上6156,正淩8147,英柏得7843,長園科8038,,,,,,,,,,盟立2464,嘉實3158,禾聯碩5283,,燦坤2430,鴻海2317,,,,,,聯詠3034,,,,群聯8299,,,,,聯電2303,達新1315,,程泰1583,,,,,,三聯5493,,,系統電5309,,,,,營邦3693,,昇佳電子6732,信昌電6173,昇佳電子6732,,群聯8299,穩懋3105,竑騰7751,頎邦6147,,,群聯8299,
禾伸堂3026,,,東鹼1708,統一證2855,,,,,,,達麗6177,,羅麗芬-KY6666,,,喬鼎3057,,,,,巨庭1539,光聖6442,佳必琪6197,,,玖鼎電力4588,,,,日盛台駿6958,松翰5471,AES-KY6781,,,,,彩富5489,江興鍛4528,,晶焱6411,,台燿6274,,光耀3666,,中湛6236,,,,,,,,,,鼎翰3611,,,浩宇生醫6872,,,華星光4979,,,,,,,啟新生7837,,,,,,,,,,,,,,,,,,,,研勤3632,,,,能率網通8071,,原相3227,,,,,,,鼎炫-KY8499,,,,,楠梓電2316,萬旭6134,千附8383,新盛力4931,,,,,,,,,,信紘科6667,訊達6140,迎輝3523,,麗豐-KY4137,東陽1319,,,,,,鼎天3306,,,,富喬1815,,,,,廣達2382,鴻海2317,,亞信3169,,,,,,東元1504,,,富邦金2881,,,,,新普6121,,合一4743,僑威3078,合一4743,,新盛力4931,大塚3570,力旺3529,太醫4126,,,富喬1815,
國巨*2327,,,,群益證6005,,,,,,,鄉林5531,,泰福-KY6541,,,佳世達2352,,,,,程泰1583,耀登3138,崇越5434,,,隆銘綠能3018,,,,秋雨9929,矽創8016,中租-KY甲特5871A,,,,,陽程3498,泰茂2230,,大中6435,,堡達3537,,創為精密6899,,,,,,,,,,,,科誠4987,,,邦特4107,,,東典光電6588,,,,,,,豐技生技6744,,,,,,,,,,,,,,,,,,,,卓越2496,,,,松川精密7788,,杰力5299,,,,,,,喬越7896,,,,,華通2313,佳必琪6197,統懋2434,康普4739,,,,,,,,,,隆銘綠能3018,互動6486,晶宏3141,,南僑1702,台積電2330,,,,,,胡連6279,,,,精材3374,,,,,其陽3564,台積電2330,,譁裕3419,,,,,,台達電2308,,,台玻1802,,,,,創惟6104,,中天4128,環球晶6488,中天4128,,精材3374,元太8069,萬潤6187,全家5903,,,精材3374,
希華2484,,,,安泰銀2849,,,,,,,三地開發1438,,亞諾法4133,,,技嘉2376,,,,,上銀2049,,京元電子2449,,,鼎炫-KY8499,,,,日盛台駿甲特6958A,暉盛-創7730,艾美特-KY1626,,,,,數泓科6855,謚源2235,,晶宏3141,,長園科8038,,星亞7753,,,,,,,,,,,,磐儀3594,,,天良4127,,,昇達科3491,,,,,,,智新生技*7832,,,,,,,,,,,,,,,,,,,,其陽3564,,,,同協5460,,聯傑3094,,,,,,,,,,,,精成科6191,信邦3023,頎邦6147,睿騰能源7758,,,,,,,,,,捷創科技7810,叡揚6752,勝釩6979,,統一超2912,洋華3622,,,,,,為升2231,,,,聖暉*5536,,,,,商之器8409,希華2484,,和椿6215,,,,,,程泰1583,,,上銀2049,,,,,東洋4105,,91APP*-KY6741,朋程8255,91APP*-KY6741,,聖暉*5536,松上6156,宜特3289,營邦3693,,,聖暉*5536,
定穎投控3715,,,,富邦金2881,,,,,,,華建2530,,中化控股3716,,,邁科6831,,,,,元翎4564,,大毅2478,,,,,,,匯僑2904,矽統2363,榮惠-KY創6924,,,,,鏵友益6877,至興4535,,原相3227,,鈺鎧5228,,湯石照明4972,,,,,,,,,,,,廣錠6441,,,太醫4126,,,萊德光電-KY7717,,,,,,,寶泰生醫7850,,,,,,,,,,,,,,,,,,,,兆勁2444,,,,乙盛-KY5243,,晶心科6533,,,,,,,,,,,,律勝3354,金橋6133,台星科3265,群電6412,,,,,,,,,,天虹6937,捷智商訊6816,萬達光電5220,,台南-KY5906,美利達9914,,,,,,勤崴國際6516,,,,上詮3363,,,,,英業達2356,九豪6127,,德律3030,,,,,,光寶科2301,,,,,,,,閎康3587,,晟德4123,世界5347,晟德4123,,華景電6788,環球晶6488,精材3374,龍巖5530,,,上詮3363,
凱美2375,,,,國票金2889,,,,,,,皇普2528,,光麗-KY6431,,,宏正6277,,,,,亞德客-KY1590,,辛耘3583,,,,,,,科定6655,麗正2302,華勝-KY2248,,,,,匯鑽科8431,君帆4584,,君曜7770,,佳總5355,,亞帝歐3516,,,,,,,,,,,,,,,合世1781,,,,,,,,,,亞果生醫6748,,,,,,,,,,,,,,,,,,,,普萊德6263,,,,系統電5309,,凌陽2401,,,,,,,,,,,,旭軟3390,凡甲3526,公準3178,,,,,,,,,,,德揚7846,伊雲谷6689,勁豐6577,,三商2905,裕日車2227,,,,,,廣達2382,,,,昇達科3491,,,,,泓格3577,閎暉3311,,所羅門2359,,,,,,和椿6215,,,,,,,,易威1799,,信驊5274,耕興6146,信驊5274,,上詮3363,朋程8255,沛亨6291,皇田9951,,,昇達科3491,
康控-KY4943,,,,,,,,,,,興富發2542,,永鴻生技6936,,,攸泰科技6928,,,,,永冠-KY1589,,嘉澤3533,,,,,,,新麗9944,揚智3041,世界健身-KY2762,,,,,光焱科技7728,協易機4533,,台灣精材3467,,幸康3332,,先益3531,,,,,,,,,,,,,,,豪展4735,,,,,,,,,,聖安生醫6926,,,,,,,,,,,,,,,,,,,,全新2455,,,,金興精密7732,,映智6563,,,,,,,,,,,,燿華2367,聯穎3550,商丞8277,,,,,,,,,,,辛耘3583,東捷資訊6697,臺龍6246,,鮮活果汁-KY1256,東元1504,,,,,,晶焱6411,,,,華星光4979,,,,,聰泰5474,信昌電6173,,百德4563,,,,,,東捷資訊6697,,,,,,,,朋億*6613,,立端6245,萬泰科6190,立端6245,,昇達科3491,世界5347,華景電6788,新普6121,,,華星光4979,
台郡6269,,,,,,,,,,,寶徠1805,,永信3705,,,和碩4938,,,,,正峰1538,,勤誠8210,,,,,,,中租-KY甲特5871A,創控6909,東科-KY5225,,,,,,,,尼克森3317,,蜜望實8043,,,,,,,,,,,,,,,,,合一4743,,,,,,,,,,三鼎生技6808,,,,,,,,,,,,,,,,,,,,台通8011,,,,銘鈺4545,,祥碩5269,,,,,,,,,,,,瀚宇博5469,鴻碩3092,力成6239,,,,,,,,,,,竑騰7751,大世科8099,穎台科技6775,,藝舍-KY2724,和泰車2207,,,,,,宏致3605,,,,南俊國際6584,,,,,中華電2412,鴻準2354,,志聖2467,,,,,,群聯8299,,,,,,,,新潤6186,,茂迪6244,智擎4162,茂迪6244,,華星光4979,家登3680,群翊6664,榮剛5009,,,南俊國際6584,
良得電2462,,,,,,,,,,,三洋實業1472,,景岳3164,,,微星2377,,,,,,,信邦3023,,,,,,,裕融9941,晶相光3530,六暉-KY2115,,,,,,,,禾瑞亞3556,,矽瑪3511,,,,,,,,,,,,,,,,,曜亞4138,,,,,,,,,,得生製藥7860,,,,,,,,,,,,,,,,,,,,訊舟3047,,,,泰藝8289,,虹冠電3257,,,,,,,,,,,,臻鼎-KY4958,,光罩2338,,,,,,,,,,,帆宣6196,宏碁資訊6811,元太8069,,益航2601,台表科6278,,,,,,佳邦6284,,,,,,,,,彩富5489,環球晶6488,,陽程3498,,,,,,廣運6125,,,,,,,,坤悅5206,,金居8358,力致3483,金居8358,,,宏遠證6015,鈺創5351,東洋4105,,,,
首利1471,,,,,,,,,,,雋揚1439,,訊映4155,,,偉聯9912,,,,,,,康舒6282,,,,,,,和潤企業甲特6592A,聯電2303,吉源-KY8488,,,,,,,,廣閎科6693,,耀勝3207,,,,,,,,,,,,,,,,,聯合4129,,,,,,,,,,瑩碩生技6677,,,,,,,,,,,,,,,,,,,,德勝8048,,,,志聖2467,,益芯科7707,,,,,,,,,,,,高技5439,,日揚6208,,,,,,,,,,,美達科技6735,智聯服務6751,洋華3622,,,精成科6191,,,,,,聯發科2454,,,,,,,,,鴻海2317,楠梓電2316,,致茂2360,,,,,,陞泰8072,,,,,,,,中菲5403,,萊德光電-KY7717,璟德3152,萊德光電-KY7717,,,智擎4162,,上洋6728,,,,
騰輝電子-KY6672,,,,,,,,,,,工信5521,,佐登-KY4190,,,華孚6235,,,,,,,晶彩科3535,,,,,,,大武山6952,力成6239,日成-KY4807,,,,,,,,類比科3438,,點晶3288,,,,,,,,,,,,,,,,,生展8279,,,,,,,,,,國璽幹細胞6704,,,,,,,,,,,,,,,,,,,,展達3447,,,,崴寶7744,,九暘8040,,,,,,,,,,,,聯致3585,,聯電2303,,,,,,,,,,,寶綠特-KY6887,,君曜7770,,,和大1536,,,,,,毅嘉2402,,,,,,,,,捷敏-KY6525,鉅祥2476,,直得1597,,,,,,陽程3498,,,,,,,,元大期6023,,太景*-KY4157,中光電5371,太景*-KY4157,,,力旺3529,,元山6275,,,,
菱光8249,,,,,,,,,,,鼎固-KY2923,,全福生技6885,,,精元2387,,,,,,,盛群6202,,,,,,,吉源-KY8488,富鼎8261,波力-KY8467,,,,,,,,博磊3581,,倉和6538,,,,,,,,,,,,,,,,,盛弘8403,,,,,,,,,,思必瑞特7790,,,,,,,,,,,,,,,,,,,,耀登3138,,,,連鋐科技6755,,聯合聚晶6927,,,,,,,,,,,,銘旺科2429,,力積電6770,,,,,,,,,,,萬潤6187,,台表科6278,,,金山電8042,,,,,,怡利電2497,,,,,,,,,威強電3022,國巨*2327,,大銀微系統4576,,,,,,致茂2360,,,,,,,,茂達6138,,是方6561,宜特3289,是方6561,,,萬潤6187,,閎康3587,,,,
鈞寶6155,,,,,,,,,,,怡華1456,,沛爾生醫-創6949,,,達方8163,,,,,,,華擎3515,,,,,,,勤益控1437,創意3443,矽力*-KY6415,,,,,,,,世界5347,,佳邦6284,,,,,,,,,,,,,,,,,達爾膚6523,,,,,,,,,,新穎生醫6810,,,,,,,,,,,,,,,,,,,,台聯電4905,,,,建準2421,,笙科5272,,,,,,,,,,,,富喬1815,,達能3686,,,,,,,,,,,德律3030,,熒茂4729,,,立敦6175,,,,,,神達3706,,,,,,,,,台積電2330,佳能2374,,迅得6438,,,,,,直得1597,,,,,,,,晶焱6411,,尚凡*5278,群聯8299,尚凡*5278,,,宜特3289,,三竹8284,,,,
華新科2492,,,,,,,,,,,,,心誠鎂6934,,,融程電3416,,,,,,,旭隼6409,,,,,,,統一實9907,虹冠電3257,福貞-KY8411,,,,,,,,意德士7556,,長盛3492,,,,,,,,,,,,,,,,,醫揚6569,,,,,,,,,,通用幹細胞*7607,,,,,,,,,,,,,,,,,,,,台嘉碩3221,,,,東浦3290,,威盛2388,,,,,,,,,,,,景碩3189,,茂矽2342,,,,,,,,,,,所羅門2359,,中光電5371,,,程泰1583,,,,,,環球晶6488,,,,,,,,,聯發科2454,金山電8042,,上銀2049,,,,,,信邦3023,,,,,,,,亞泰4974,,博智8155,聖暉*5536,博智8155,,,群聯8299,,宇峻3546,,,,
瀚宇博5469,,,,,,,,,,,,,,,,永擎7711,,,,,,,普安2495,,,,,,,雷虎8033,聯發科2454,宏旭-KY2243,,,,,,,,安格6684,,立凱-KY5227,,,,,,,,,,,,,,,,,寶利徠1813,,,,,,,,,,圓祥生技6945,,,,,,,,,,,,,,,,,,,,正能量智能5348,,,,川湖2059,,致新8081,,,,,,,,,,,,尚茂8291,,超豐2441,,,,,,,,,,,創控6909,,眾福科3168,,,燿華2367,,,,,,朋程8255,,,,,,,,,僑威3078,台達電2308,,亞德客-KY1590,,,,,,聖暉*5536,,,,,,,,優群3217,,均豪5443,華景電6788,均豪5443,,,宏碁資訊6811,,智冠5478,,,,
志超8213,,,,,,,,,,,,,,,,倚天酷碁-創2432,,,,,,,華興6164,,,,,,,,威盛2388,麗豐-KY4137,,,,,,,,公準3178,,亞電4939,,,,,,,,,,,,,,,,,久裕4173,,,,,,,,,,水星生醫*6932,,,,,,,,,,,,,,,,,,,,聯光通4903,,,,南俊國際6584,,威鋒電子6756,,,,,,,,,,,,欣興3037,,穩懋3105,,,,,,,,,,,日高1594,,銘旺科2429,,,巨大9921,,,,,,佳凌4976,,,,,,,,,神達3706,台嘉碩3221,,鈺創5351,,,,,,敦泰3545,,,,,,,,崑鼎6803,,廣積8050,群翊6664,廣積8050,,,精材3374,,大車隊2640,,,,
南電8046,,,,,,,,,,,,,,,,誠研3494,,,,,,,聯茂6213,,,,,,,,京鼎3413,聯德控股-KY4912,,,,,,,,鈺太6679,,映興3597,,,,,,,,,,,,,,,,,友霖4166,,,,,,,,,,奧孟亞7776,,,,,,,,,,,,,,,,,,,,正基6546,,,,邁科6831,,聯詠3034,,,,,,,,,,,,,,捷敏-KY6525,,,,,,,,,,,陽程3498,,光耀3666,,,亞光3019,,,,,,佳能2374,,,,,,,,,東元1504,程泰1583,,,,,,,,上銀2049,,,,,,,,神盾6462,,伍豐8076,振曜6143,伍豐8076,,,聖暉*5536,,精華1565,,,,
毅嘉2402,,,,,,,,,,,,,,,,精聯3652,,,,,,,威強電3022,,,,,,,,芯鼎6695,永邑-KY2939,,,,,,,,精拓科4951,,東浦3290,,,,,,,,,,,,,,,,,醣聯4168,,,,,,,,,,基米4195,,,,,,,,,,,,,,,,,,,,譁裕3419,,,,,,創惟6104,,,,,,,,,,,,,,台積電2330,,,,,,,,,,,致茂2360,,安可3615,,,群聯8299,,,,,,晶豪科3006,,,,,,,,,台達電2308,先進光3362,,,,,,,,義隆2458,,,,,,,,元太8069,,巨有科技8227,凡甲3526,巨有科技8227,,,凡甲3526,,大江8436,,,,
同泰3321,,,,,,,,,,,,,,,,科嘉-KY5215,,,,,,,茂矽2342,,,,,,,,順德2351,美吉吉-KY8466,,,,,,,,驊訊6237,,越峰8121,,,,,,,,,,,,,,,,,台微醫6767,,,,,,,,,,晨暉生技1271,,,,,,,,,,,,,,,,,,,,璟德3152,,,,,,力士4923,,,,,,,,,,,,,,台灣精材3467,,,,,,,,,,,聚賢研發-創7631,,悅城6405,,,慧洋-KY2637,,,,,,晶相光3530,,,,,,,,,巨路6192,中光電5371,,,,,,,,亞德客-KY1590,,,,,,,,康和證6016,,良維6290,,良維6290,,,,,胡連6279,,,,
晶技3042,,,,,,,,,,,,,,,,上福6128,,,,,,,偉訓3032,,,,,,,,虹揚-KY6573,捷敏-KY6525,,,,,,,,頎邦6147,,久威6114,,,,,,,,,,,,,,,,,福永生技4183,,,,,,,,,,台寶生醫6892,,,,,,,,,,,,,,,,,,,,明泰3380,,,,,,海德威3268,,,,,,,,,,,,,,全訊5222,,,,,,,,,,,鏵友益6877,,達興材料5234,,,仲琦2419,,,,,,M316643,,,,,,,,,明泰3380,亞光3019,,,,,,,,,,,,,,,,僑威3078,,永信建5508,,永信建5508,,,,,中菲5403,,,,
嘉聯益6153,,,,,,,,,,,,,,,,永崴投控3712,,,,,,,台亞2340,,,,,,,,強茂2481,鈺齊-KY9802,,,,,,,,凱鈺5468,,兆利3548,,,,,,,,,,,,,,,,,東洋4105,,,,,,,,,,麗彤6539,,,,,,,,,,,,,,,,,,,,台揚2314,,,,,,芯鼎6695,,,,,,,,,,,,,,翔名8091,,,,,,,,,,,洋基工程6691,,敦泰3545,,,景碩3189,,,,,,智伸科4551,,,,,,,,,,能率5392,,,,,,,,,,,,,,,,環球晶6488,,中美晶5483,,中美晶5483,,,,,日揚6208,,,,
聚鼎6224,,,,,,,,,,,,,,,,大眾控3701,,,,,,,光鋐4956,,,,,,,,瑞昱2379,羅麗芬-KY6666,,,,,,,,旺玖6233,,川寶1595,,,,,,,,,,,,,,,,,友華4120,,,,,,,,,,路迦生醫6814,,,,,,,,,,,,,,,,,,,,康聯訊3672,,,,,,來頡6799,,,,,,,,,,,,,,環球晶6488,,,,,,,,,,,泰創工程6750,,,,,致茂2360,,,,,,廣宇2328,,,,,,,,,,傳奇4994,,,,,,,,,,,,,,,,信紘科6667,,由田3455,,由田3455,,,,,光頡3624,,,,
正崴2392,,,,,,,,,,,,,,,,,,,,,,,輔信2405,,,,,,,,聯傑3094,豐祥-KY5288,,,,,,,,亞信3169,,合正5381,,,,,,,,,,,,,,,,,杏一4175,,,,,,,,,,富禾生醫7773,,,,,,,,,,,,,,,,,,,,仲琦2419,,,,,,類比科3438,,,,,,,,,,,,,,微矽電子-創8162,,,,,,,,,,,銳澤7703,,,,,台勝科3532,,,,,,燿華2367,,,,,,,,,,大毅2478,,,,,,,,,,,,,,,,益安6499,,漢來美食1268,,漢來美食1268,,,,,聚和6509,,,,
精成科6191,,,,,,,,,,,,,,,,,,,,,,,矽格6257,,,,,,,,意騰-KY7749,東明-KY5538,,,,,,,,創惟6104,,台翰1336,,,,,,,,,,,,,,,,,明基醫4116,,,,,,,,,,溫士頓6817,,,,,,,,,,,,,,,,,,,,達運光電8045,,,,,,晶宏3141,,,,,,,,,,,,,,品安8088,,,,,,,,,,,亞翔6139,,,,,欣興3037,,,,,,明泰3380,,,,,,,,,,直得1597,,,,,,,,,,,,,,,,世界5347,,茂綸6227,,茂綸6227,,,,,台燿6274,,,,
鴻名3021,,,,,,,,,,,,,,,,,,,,,,,凌陽2401,,,,,,,,致新8081,峰源-KY6807,,,,,,,,立衛5344,,佳穎3310,,,,,,,,,,,,,,,,,雙美4728,,,,,,,,,,光鼎生技6850,,,,,,,,,,,,,,,,,,,,康全電訊8089,,,,,,天方能源3073,,,,,,,,,,,,,,世界5347,,,,,,,,,,,聖暉*5536,,,,,,,,,,,力旺3529,,,,,,,,,,正德2641,,,,,,,,,,,,,,,,安國8054,,雙鴻3324,,雙鴻3324,,,,,崇友4506,,,,
台端3432,,,,,,,,,,,,,,,,,,,,,,,歐格3002,,,,,,,,天鈺4961,威宏-KY8442,,,,,,,,穩懋3105,,鉅橡8074,,,,,,,,,,,,,,,,,常廣6730,,,,,,,,,,鼎晉生技7876,,,,,,,,,,,,,,,,,,,,榮群8034,,,,,,茂達6138,,,,,,,,,,,,,,耀穎7772,,,,,,,,,,,華景電6788,,,,,,,,,,,高技5439,,,,,,,,,,金益鼎8390,,,,,,,,,,,,,,,,耕興6146,,漢科3402,,漢科3402,,,,,佳邦6284,,,,
百容2483,,,,,,,,,,,,,,,,,,,,,,,群創3481,,,,,,,,聯陽3014,鈞興-KY4571,,,,,,,,昇佳電子6732,,凱崴5498,,,,,,,,,,,,,,,,,永日4102,,,,,,,,,,光晟生技7561,,,,,,,,,,,,,,,,,,,,上詮3363,,,,,,晶焱6411,,,,,,,,,,,,,,景美7899,,,,,,,,,,,群翊6664,,,,,,,,,,,亞光3019,,,,,,,,,,台勝科3532,,,,,,,,,,,,,,,,M316643,,天品6199,,天品6199,,,,,元太8069,,,,
飛宏2457,,,,,,,,,,,,,,,,,,,,,,,迅杰6243,,,,,,,,易華電6552,台南-KY5906,,,,,,,,沛亨6291,,旭軟3390,,,,,,,,,,,,,,,,,漢達6620,,,,,,,,,,普惠醫工6543,,,,,,,,,,,,,,,,,,,,連騰6818,,,,,,智原3035,,,,,,,,,,,,,,昇陽半導體8028,,,,,,,,,,,旭東4537,,,,,,,,,,,系統電5309,,,,,,,,,,聯合再生3576,,,,,,,,,,,,,,,,逸達6576,,欣銓3264,,欣銓3264,,,,,康和證6016,,,,
驊陞6272,,,,,,,,,,,,,,,,,,,,,,,健鼎3044,,,,,,,,力智6719,康控-KY4943,,,,,,,,商丞8277,,好德3114,,,,,,,,,,,,,,,,,杏昌1788,,,,,,,,,,安美得7575,,,,,,,,,,,,,,,,,,,,鐳洋科技6980,,,,,,點序6485,,,,,,,,,,,,,,典範3372,,,,,,,,,,,迅得6438,,,,,,,,,,,矽格6257,,,,,,,,,,元晶6443,,,,,,,,,,,,,,,,金麗科3228,,譜瑞-KY4966,,譜瑞-KY4966,,,,,信昌電6173,,,,
谷崧3607,,,,,,,,,,,,,,,,,,,,,,,益登3048,,,,,,,,台積電2330,永新-KY4557,,,,,,,,九齊6494,,艾華6204,,,,,,,,,,,,,,,,,達亞6762,,,,,,,,,,麗寶新藥7888,,,,,,,,,,,,,,,,,,,,前鼎4908,,,,,,天擎6708,,,,,,,,,,,,,,萬潤6187,,,,,,,,,,,聯剛科技7870,,,,,,,,,,,鑫創電子6680,,,,,,,,,,上銀2049,,,,,,,,,,,,,,,,正基6546,,臺慶科3357,,臺慶科3357,,,,,環球晶6488,,,,
維熹3501,,,,,,,,,,,,,,,,,,,,,,,凌華6166,,,,,,,,采鈺6789,永道-KY6863,,,,,,,,欣銓3264,,百徽6259,,,,,,,,,,,,,,,,,安克4188,,,,,,,,,,育世博-KY6976,,,,,,,,,,,,,,,,,,,,光聖6442,,,,,,矽力*-KY6415,,,,,,,,,,,,,,矽格6257,,,,,,,,,,,鋒魁科技7530,,,,,,,,,,,群聯8299,,,,,,,,,,欣興3037,,,,,,,,,,,,,,,,智擎4162,,緯軟4953,,緯軟4953,,,,,朋程8255,,,,
全漢3015,,,,,,,,,,,,,,,,,,,,,,,全台3038,,,,,,,,瑞鼎3592,臻鼎-KY4958,,,,,,,,M316643,,晟楠3631,,,,,,,,,,,,,,,,,智擎4162,,,,,,,,,,拉法醫6848,,,,,,,,,,,,,,,,,,,,光環3234,,,,,,神盾6462,,,,,,,,,,,,,,聯鈞3450,,,,,,,,,,,旭誼7849,,,,,,,,,,,立積4968,,,,,,,,,,亞德客-KY1590,,,,,,,,,,,,,,,,力致3483,,鑫科3663,,鑫科3663,,,,,世界5347,,,,
今皓3011,,,,,,,,,,,,,,,,,,,,,,,致茂2360,,,,,,,,統懋2434,寶綠特-KY6887,,,,,,,,千附8383,,崇越電3388,,,,,,,,,,,,,,,,,樂斯科6662,,,,,,,,,,巨生醫6827,,,,,,,,,,,,,,,,,,,,昇達科3491,,,,,,聯發科2454,,,,,,,,,,,,,,南茂8150,,,,,,,,,,,聖凰7880,,,,,,,,,,,訊芯-KY6451,,,,,,,,,,旺宏2337,,,,,,,,,,,,,,,,湧德3689,,威剛3260,,威剛3260,,,,,泰詠6266,,,,
AES-KY6781,,,,,,,,,,,,,,,,,,,,,,,達興材料5234,,,,,,,,捷敏-KY6525,永固-KY5546,,,,,,,,佑華8024,,宇環3276,,,,,,,,,,,,,,,,,佰研3205,,,,,,,,,,暐世4197,,,,,,,,,,,,,,,,,,,,華星光4979,,,,,,力智6719,,,,,,,,,,,,,,華泰2329,,,,,,,,,,,奇鼎科技6849,,,,,,,,,,,偉詮電2436,,,,,,,,,,華邦電2344,,,,,,,,,,,,,,,,力旺3529,,宏捷科8086,,宏捷科8086,,,,,家登3680,,,,
立德3058,,,,,,,,,,,,,,,,,,,,,,,德律3030,,,,,,,,奕力-KY6962,乙盛-KY5243,,,,,,,,巨有科技8227,,宣德5457,,,,,,,,,,,,,,,,,慧智6615,,,,,,,,,,華上生醫7427,,,,,,,,,,,,,,,,,,,,東典光電6588,,,,,,迅杰6243,,,,,,,,,,,,,,十銓4967,,,,,,,,,,,牧德3563,,,,,,,,,,,京元電子2449,,,,,,,,,,正峰1538,,,,,,,,,,,,,,,,中光電5371,,橘子6180,,橘子6180,,,,,耕興6146,,,,
錩新2415,,,,,,,,,,,,,,,,,,,,,,,聯穎3550,,,,,,,,錼創科技-KY創6854,鮮活果汁-KY1256,,,,,,,,印能科技7734,,博大8109,,,,,,,,,,,,,,,,,進階3118,,,,,,,,,,永笙-KY4178,,,,,,,,,,,,,,,,,,,,連訊6820,,,,,,通嘉3588,,,,,,,,,,,,,,廣穎4973,,,,,,,,,,,,,,,,,,,,,,凡甲3526,,,,,,,,,,南亞科2408,,,,,,,,,,,,,,,,中裕4147,,健喬4114,,健喬4114,,,,,世禾3551,,,,
鴻碩3092,,,,,,,,,,,,,,,,,,,,,,,大聯大3702,,,,,,,,全訊5222,來億-KY6890,,,,,,,,杰力5299,,加高8182,,,,,,,,,,,,,,,,,訊聯1784,,,,,,,,,,暄達7726,,,,,,,,,,,,,,,,,,,,,,,,,,君曜7770,,,,,,,,,,,,,,景碩3189,,,,,,,,,,,,,,,,,,,,,,鈺創5351,,,,,,,,,,,,,,,,,,,,,,,,,,萬潤6187,,凌陽創新5236,,凌陽創新5236,,,,,先進光3362,,,,
太空梭2440,,,,,,,,,,,,,,,,,,,,,,,川湖2059,,,,,,,,立積4968,奕力-KY6962,,,,,,,,天擎6708,,松普5488,,,,,,,,,,,,,,,,,大樹6469,,,,,,,,,,天明製藥6659,,,,,,,,,,,,,,,,,,,,,,,,,,安國8054,,,,,,,,,,,,,,采鈺6789,,,,,,,,,,,,,,,,,,,,,,旺宏2337,,,,,,,,,,,,,,,,,,,,,,,,,,群聯8299,,華電網6163,,華電網6163,,,,,高技5439,,,,
新至陞3679,,,,,,,,,,,,,,,,,,,,,,,今國光6209,,,,,,,,台勝科3532,慧洋-KY2637,,,,,,,,神盾6462,,安碁6174,,,,,,,,,,,,,,,,,鈺緯4153,,,,,,,,,,啟弘生技6939,,,,,,,,,,,,,,,,,,,,,,,,,,智微4925,,,,,,,,,,,,,,精材3374,,,,,,,,,,,,,,,,,,,,,,華邦電2344,,,,,,,,,,,,,,,,,,,,,,,,,,廣運6125,,安勤3479,,安勤3479,,,,,群聯8299,,,,
群光2385,,,,,,,,,,,,,,,,,,,,,,,瑞軒2489,,,,,,,,晶豪科3006,意騰-KY7749,,,,,,,,千附精密6829,,崧騰3484,,,,,,,,,,,,,,,,,益得6461,,,,,,,,,,諾亞克7724,,,,,,,,,,,,,,,,,,,,,,,,,,嘉雨思-創6921,,,,,,,,,,,,,,科建7886,,,,,,,,,,,,,,,,,,,,,,,,,,,,,,,,,,,,,,,,,,,,,,,,宏碁資訊6811,,原相3227,,原相3227,,,,,明安8938,,,,
信錦1582,,,,,,,,,,,,,,,,,,,,,,,台表科6278,,,,,,,,同欣電6271,商億-KY8482,,,,,,,,久元6261,,育富6194,,,,,,,,,,,,,,,,,立康6242,,,,,,,,,,吉晟生7762,,,,,,,,,,,,,,,,,,,,,,,,,,傑霖科技8102,,,,,,,,,,,,,,訊芯-KY6451,,,,,,,,,,,,,,,,,,,,,,,,,,,,,,,,,,,,,,,,,,,,,,,,擎亞8096,,合晶6182,,合晶6182,,,,,大世科8099,,,,
泰碩3338,,,,,,,,,,,,,,,,,,,,,,,嘉晶3016,,,,,,,,界霖5285,訊芯-KY6451,,,,,,,,典範3372,,迅德6292,,,,,,,,,,,,,,,,,高端疫苗6547,,,,,,,,,,泰合6467,,,,,,,,,,,,,,,,,,,,,,,,,,晶豪科3006,,,,,,,,,,,,,,台勝科3532,,,,,,,,,,,,,,,,,,,,,,,,,,,,,,,,,,,,,,,,,,,,,,,,順藥6535,,IET-KY4971,,IET-KY4971,,,,,精材3374,,,,
圓裕6835,,,,,,,,,,,,,,,,,,,,,,,新巨2420,,,,,,,,聯詠3034,六方科-KY4569,,,,,,,,博盛半導體7712,,亞泰4974,,,,,,,,,,,,,,,,,永昕4726,,,,,,,,,,康科特6518,,,,,,,,,,,,,,,,,,,,,,,,,,晶相光3530,,,,,,,,,,,,,,芯測6786,,,,,,,,,,,,,,,,,,,,,,,,,,,,,,,,,,,,,,,,,,,,,,,,聖暉*5536,,波若威3163,,波若威3163,,,,,聖暉*5536,,,,
晟鈦3229,,,,,,,,,,,,,,,,,,,,,,,景碩3189,,,,,,,,微矽電子-創8162,鼎炫-KY8499,,,,,,,,凌陽創新5236,,慶生6210,,,,,,,,,,,,,,,,,生華科6492,,,,,,,,,,大江基因6879,,,,,,,,,,,,,,,,,,,,,,,,,,M316643,,,,,,,,,,,,,,華東8110,,,,,,,,,,,,,,,,,,,,,,,,,,,,,,,,,,,,,,,,,,,,,,,,華景電6788,,宏碩系統6895,,宏碩系統6895,,,,,振曜6143,,,,
榮惠-KY創6924,,,,,,,,,,,,,,,,,,,,,,,全友2305,,,,,,,,智原3035,志強-KY6768,,,,,,,,研通6229,,禾昌6158,,,,,,,,,,,,,,,,,諾貝兒6844,,,,,,,,,,科明7881,,,,,,,,,,,,,,,,,,,,,,,,,,金麗科3228,,,,,,,,,,,,,,日月光投控3711,,,,,,,,,,,,,,,,,,,,,,,,,,,,,,,,,,,,,,,,,,,,,,,,凡甲3526,,智崴5263,,智崴5263,,,,,華星光4979,,,,
勝德3296,,,,,,,,,,,,,,,,,,,,,,,榮創3437,,,,,,,,達能3686,奧義賽博-KY創7823,,,,,,,,鑫創3259,,泰藝8289,,,,,,,,,,,,,,,,,浩鼎4174,,,,,,,,,,慧康生技*-KY7851,,,,,,,,,,,,,,,,,,,,,,,,,,亞信3169,,,,,,,,,,,,,,京元電子2449,,,,,,,,,,,,,,,,,,,,,,,,,,,,,,,,,,,,,,,,,,,,,,,,鈺創5351,,聯合4129,,聯合4129,,,,,南俊國際6584,,,,
新日興3376,,,,,,,,,,,,,,,,,,,,,,,通嘉3588,,,,,,,,鈺寶-創3150,亞德客-KY1590,,,,,,,,雅特力-KY6907,,富榮綱3115,,,,,,,,,,,,,,,,,科懋6496,,,,,,,,,,宏碁智醫6857,,,,,,,,,,,,,,,,,,,,,,,,,,凱鈺5468,,,,,,,,,,,,,,福懋科8131,,,,,,,,,,,,,,,,,,,,,,,,,,,,,,,,,,,,,,,,,,,,,,,,,,寶雅5904,,寶雅5904,,,,,,,,,
達邁3645,,,,,,,,,,,,,,,,,,,,,,,友訊2332,,,,,,,,達發6526,鼎固-KY2923,,,,,,,,濾能6823,,今展科6432,,,,,,,,,,,,,,,,,鐿鈦4163,,,,,,,,,,立弘1780,,,,,,,,,,,,,,,,,,,,,,,,,,應廣6716,,,,,,,,,,,,,,聖凰7880,,,,,,,,,,,,,,,,,,,,,,,,,,,,,,,,,,,,,,,,,,,,,,,,,,漢達6620,,漢達6620,,,,,,,,,
鑫禾4999,,,,,,,,,,,,,,,,,,,,,,,巨路6192,,,,,,,,敦泰3545,永冠-KY1589,,,,,,,,明遠精密7704,,幃翔6185,,,,,,,,,,,,,,,,,台生材6649,,,,,,,,,,雷虎生6493,,,,,,,,,,,,,,,,,,,,,,,,,,愛普*6531,,,,,,,,,,,,,,,,,,,,,,,,,,,,,,,,,,,,,,,,,,,,,,,,,,,,,,,,,,,,,,,,頎邦6147,,頎邦6147,,,,,,,,,
敬鵬2355,,,,,,,,,,,,,,,,,,,,,,,建準2421,,,,,,,,新唐4919,,,,,,,,,逸昌3567,,尚茂8291,,,,,,,,,,,,,,,,,德英4911,,,,,,,,,,雲象科技7803,,,,,,,,,,,,,,,,,,,,,,,,,,力旺3529,,,,,,,,,,,,,,,,,,,,,,,,,,,,,,,,,,,,,,,,,,,,,,,,,,,,,,,,,,,,,,,,力麒5512,,力麒5512,,,,,,,,,
致伸4915,,,,,,,,,,,,,,,,,,,,,,,柏騰3518,,,,,,,,聯鈞3450,,,,,,,,,聚積3527,,艾恩特3646,,,,,,,,,,,,,,,,,東生華8432,,,,,,,,,,安基生技7754,,,,,,,,,,,,,,,,,,,,,,,,,,擷發科7796,,,,,,,,,,,,,,,,,,,,,,,,,,,,,,,,,,,,,,,,,,,,,,,,,,,,,,,,,,,,,,,,台星科3265,,台星科3265,,,,,,,,,
鎰勝6115,,,,,,,,,,,,,,,,,,,,,,,悅城6405,,,,,,,,,,,,,,,,,全宇昕6651,,三一東林3609,,,,,,,,,,,,,,,,,晟德4123,,,,,,,,,,安特羅6564,,,,,,,,,,,,,,,,,,,,,,,,,,通泰5487,,,,,,,,,,,,,,,,,,,,,,,,,,,,,,,,,,,,,,,,,,,,,,,,,,,,,,,,,,,,,,,,廣明6188,,廣明6188,,,,,,,,,
金橋6133,,,,,,,,,,,,,,,,,,,,,,,樺漢6414,,,,,,,,,,,,,,,,,日揚6208,,聯寶6821,,,,,,,,,,,,,,,,,浩泰4131,,,,,,,,,,昱厚生技6709,,,,,,,,,,,,,,,,,,,,,,,,,,群聯8299,,,,,,,,,,,,,,,,,,,,,,,,,,,,,,,,,,,,,,,,,,,,,,,,,,,,,,,,,,,,,,,,順達3211,,順達3211,,,,,,,,,
競國6108,,,,,,,,,,,,,,,,,,,,,,,邁達特6112,,,,,,,,,,,,,,,,,金麗科3228,,亞泰金屬6727,,,,,,,,,,,,,,,,,,,,,,,,,,,列特博7725,,,,,,,,,,,,,,,,,,,,,,,,,,奕力-KY6962,,,,,,,,,,,,,,,,,,,,,,,,,,,,,,,,,,,,,,,,,,,,,,,,,,,,,,,,,,,,,,,,桓達4549,,桓達4549,,,,,,,,,
臻鼎-KY4958,,,,,,,,,,,,,,,,,,,,,,,偉詮電2436,,,,,,,,,,,,,,,,,海德威3268,,同協5460,,,,,,,,,,,,,,,,,,,,,,,,,,,視航生醫7759,,,,,,,,,,,,,,,,,,,,,,,,,,立積4968,,,,,,,,,,,,,,,,,,,,,,,,,,,,,,,,,,,,,,,,,,,,,,,,,,,,,,,,,,,,,,,,同致3552,,同致3552,,,,,,,,,
榮科4989,,,,,,,,,,,,,,,,,,,,,,,日電貿3090,,,,,,,,,,,,,,,,,傑霖科技8102,,保銳8093,,,,,,,,,,,,,,,,,,,,,,,,,,,普瑞博6847,,,,,,,,,,,,,,,,,,,,,,,,,,意騰-KY7749,,,,,,,,,,,,,,,,,,,,,,,,,,,,,,,,,,,,,,,,,,,,,,,,,,,,,,,,,,,,,,,,新漢8234,,新漢8234,,,,,,,,,
燿華2367,,,,,,,,,,,,,,,,,,,,,,,合勤控3704,,,,,,,,,,,,,,,,,九暘8040,,萬旭6134,,,,,,,,,,,,,,,,,,,,,,,,,,,冠亞6758,,,,,,,,,,,,,,,,,,,,,,,,,,太欣5302,,,,,,,,,,,,,,,,,,,,,,,,,,,,,,,,,,,,,,,,,,,,,,,,,,,,,,,,,,,,,,,,大綜3147,,大綜3147,,,,,,,,,
台虹8039,,,,,,,,,,,,,,,,,,,,,,,環科2413,,,,,,,,,,,,,,,,,環宇-KY4991,,霖宏5464,,,,,,,,,,,,,,,,,,,,,,,,,,,元樟生技6864,,,,,,,,,,,,,,,,,,,,,,,,,,沛亨6291,,,,,,,,,,,,,,,,,,,,,,,,,,,,,,,,,,,,,,,,,,,,,,,,,,,,,,,,,,,,,,,,營邦3693,,營邦3693,,,,,,,,,
詮欣6205,,,,,,,,,,,,,,,,,,,,,,,神達3706,,,,,,,,,,,,,,,,,通泰5487,,雲嘉南3191,,,,,,,,,,,,,,,,,,,,,,,,,,,,,,,,,,,,,,,,,,,,,,,,,,,,,廣閎科6693,,,,,,,,,,,,,,,,,,,,,,,,,,,,,,,,,,,,,,,,,,,,,,,,,,,,,,,,,,,,,,,,致和證5864,,致和證5864,,,,,,,,,
華通2313,,,,,,,,,,,,,,,,,,,,,,,超豐2441,,,,,,,,,,,,,,,,,安國8054,,華盈3520,,,,,,,,,,,,,,,,,,,,,,,,,,,,,,,,,,,,,,,,,,,,,,,,,,,,,登豐7872,,,,,,,,,,,,,,,,,,,,,,,,,,,,,,,,,,,,,,,,,,,,,,,,,,,,,,,,,,,,,,,,龍巖5530,,龍巖5530,,,,,,,,,
群電6412,,,,,,,,,,,,,,,,,,,,,,,全科3209,,,,,,,,,,,,,,,,,力士4923,,業強6124,,,,,,,,,,,,,,,,,,,,,,,,,,,,,,,,,,,,,,,,,,,,,,,,,,,,,偉詮電2436,,,,,,,,,,,,,,,,,,,,,,,,,,,,,,,,,,,,,,,,,,,,,,,,,,,,,,,,,,,,,,,,國統8936,,國統8936,,,,,,,,,
聯昌2431,,,,,,,,,,,,,,,,,,,,,,,松翰5471,,,,,,,,,,,,,,,,,宏捷科8086,,雷科6207,,,,,,,,,,,,,,,,,,,,,,,,,,,,,,,,,,,,,,,,,,,,,,,,,,,,,禾瑞亞3556,,,,,,,,,,,,,,,,,,,,,,,,,,,,,,,,,,,,,,,,,,,,,,,,,,,,,,,,,,,,,,,,新普6121,,新普6121,,,,,,,,,
,,,,,,,,,,,,,,,,,,,,,,,,,,,,,,,,,,,,,,,,,,,,,,,,,,,,,,,,,,,,,,,,,,,,,,,,,,,,,,,,,,,,,,,,,,,,,,,敦泰3545,,,,,,,,,,,,,,,,,,,,,,,,,,,,,,,,,,,,,,,,,,,,,,,,,,,,,,,,,,,,,,,,榮剛5009,,榮剛5009,,,,,,,,,
,,,,,,,,,,,,,,,,,,,,,,,,,,,,,,,,,,,,,,,,,,,,,,,,,,,,,,,,,,,,,,,,,,,,,,,,,,,,,,,,,,,,,,,,,,,,,,,義隆2458,,,,,,,,,,,,,,,,,,,,,,,,,,,,,,,,,,,,,,,,,,,,,,,,,,,,,,,,,,,,,,,,創惟6104,,創惟6104,,,,,,,,,
,,,,,,,,,,,,,,,,,,,,,,,,,,,,,,,,,,,,,,,,,,,,,,,,,,,,,,,,,,,,,,,,,,,,,,,,,,,,,,,,,,,,,,,,,,,,,,,久昌6720,,,,,,,,,,,,,,,,,,,,,,,,,,,,,,,,,,,,,,,,,,,,,,,,,,,,,,,,,,,,,,,,東洋4105,,東洋4105,,,,,,,,,
,,,,,,,,,,,,,,,,,,,,,,,,,,,,,,,,,,,,,,,,,,,,,,,,,,,,,,,,,,,,,,,,,,,,,,,,,,,,,,,,,,,,,,,,,,,,,,,鈺創5351,,,,,,,,,,,,,,,,,,,,,,,,,,,,,,,,,,,,,,,,,,,,,,,,,,,,,,,,,,,,,,,,閎康3587,,閎康3587,,,,,,,,,
,,,,,,,,,,,,,,,,,,,,,,,,,,,,,,,,,,,,,,,,,,,,,,,,,,,,,,,,,,,,,,,,,,,,,,,,,,,,,,,,,,,,,,,,,,,,,,,旺宏2337,,,,,,,,,,,,,,,,,,,,,,,,,,,,,,,,,,,,,,,,,,,,,,,,,,,,,,,,,,,,,,,,朋億*6613,,朋億*6613,,,,,,,,,
,,,,,,,,,,,,,,,,,,,,,,,,,,,,,,,,,,,,,,,,,,,,,,,,,,,,,,,,,,,,,,,,,,,,,,,,,,,,,,,,,,,,,,,,,,,,,,,華邦電2344,,,,,,,,,,,,,,,,,,,,,,,,,,,,,,,,,,,,,,,,,,,,,,,,,,,,,,,,,,,,,,,,神準3558,,神準3558,,,,,,,,,
,,,,,,,,,,,,,,,,,,,,,,,,,,,,,,,,,,,,,,,,,,,,,,,,,,,,,,,,,,,,,,,,,,,,,,,,,,,,,,,,,,,,,,,,,,,,,,,達發6526,,,,,,,,,,,,,,,,,,,,,,,,,,,,,,,,,,,,,,,,,,,,,,,,,,,,,,,,,,,,,,,,新潤6186,,新潤6186,,,,,,,,,
,,,,,,,,,,,,,,,,,,,,,,,,,,,,,,,,,,,,,,,,,,,,,,,,,,,,,,,,,,,,,,,,,,,,,,,,,,,,,,,,,,,,,,,,,,,,,,,南亞科2408,,,,,,,,,,,,,,,,,,,,,,,,,,,,,,,,,,,,,,,,,,,,,,,,,,,,,,,,,,,,,,,,精華1565,,精華1565,,,,,,,,,
,,,,,,,,,,,,,,,,,,,,,,,,,,,,,,,,,,,,,,,,,,,,,,,,,,,,,,,,,,,,,,,,,,,,,,,,,,,,,,,,,,,,,,,,,,,,,,,中湛6236,,,,,,,,,,,,,,,,,,,,,,,,,,,,,,,,,,,,,,,,,,,,,,,,,,,,,,,,,,,,,,,,大江8436,,大江8436,,,,,,,,,
,,,,,,,,,,,,,,,,,,,,,,,,,,,,,,,,,,,,,,,,,,,,,,,,,,,,,,,,,,,,,,,,,,,,,,,,,,,,,,,,,,,,,,,,,,,,,,,,,,,,,,,,,,,,,,,,,,,,,,,,,,,,,,,,,,,,,,,,,,,,,,,,,,,,,,,,,,,,,,,胡連6279,,胡連6279,,,,,,,,,
,,,,,,,,,,,,,,,,,,,,,,,,,,,,,,,,,,,,,,,,,,,,,,,,,,,,,,,,,,,,,,,,,,,,,,,,,,,,,,,,,,,,,,,,,,,,,,,,,,,,,,,,,,,,,,,,,,,,,,,,,,,,,,,,,,,,,,,,,,,,,,,,,,,,,,,,,,,,,,,共信-KY6617,,共信-KY6617,,,,,,,,,
,,,,,,,,,,,,,,,,,,,,,,,,,,,,,,,,,,,,,,,,,,,,,,,,,,,,,,,,,,,,,,,,,,,,,,,,,,,,,,,,,,,,,,,,,,,,,,,,,,,,,,,,,,,,,,,,,,,,,,,,,,,,,,,,,,,,,,,,,,,,,,,,,,,,,,,,,,,,,,,長佳智能6841,,長佳智能6841,,,,,,,,,
,,,,,,,,,,,,,,,,,,,,,,,,,,,,,,,,,,,,,,,,,,,,,,,,,,,,,,,,,,,,,,,,,,,,,,,,,,,,,,,,,,,,,,,,,,,,,,,,,,,,,,,,,,,,,,,,,,,,,,,,,,,,,,,,,,,,,,,,,,,,,,,,,,,,,,,,,,,,,,,網家8044,,網家8044,,,,,,,,,
,,,,,,,,,,,,,,,,,,,,,,,,,,,,,,,,,,,,,,,,,,,,,,,,,,,,,,,,,,,,,,,,,,,,,,,,,,,,,,,,,,,,,,,,,,,,,,,,,,,,,,,,,,,,,,,,,,,,,,,,,,,,,,,,,,,,,,,,,,,,,,,,,,,,,,,,,,,,,,,茂達6138,,茂達6138,,,,,,,,,
,,,,,,,,,,,,,,,,,,,,,,,,,,,,,,,,,,,,,,,,,,,,,,,,,,,,,,,,,,,,,,,,,,,,,,,,,,,,,,,,,,,,,,,,,,,,,,,,,,,,,,,,,,,,,,,,,,,,,,,,,,,,,,,,,,,,,,,,,,,,,,,,,,,,,,,,,,,,,,,晶焱6411,,晶焱6411,,,,,,,,,
,,,,,,,,,,,,,,,,,,,,,,,,,,,,,,,,,,,,,,,,,,,,,,,,,,,,,,,,,,,,,,,,,,,,,,,,,,,,,,,,,,,,,,,,,,,,,,,,,,,,,,,,,,,,,,,,,,,,,,,,,,,,,,,,,,,,,,,,,,,,,,,,,,,,,,,,,,,,,,,優群3217,,優群3217,,,,,,,,,
,,,,,,,,,,,,,,,,,,,,,,,,,,,,,,,,,,,,,,,,,,,,,,,,,,,,,,,,,,,,,,,,,,,,,,,,,,,,,,,,,,,,,,,,,,,,,,,,,,,,,,,,,,,,,,,,,,,,,,,,,,,,,,,,,,,,,,,,,,,,,,,,,,,,,,,,,,,,,,,崑鼎6803,,崑鼎6803,,,,,,,,,
,,,,,,,,,,,,,,,,,,,,,,,,,,,,,,,,,,,,,,,,,,,,,,,,,,,,,,,,,,,,,,,,,,,,,,,,,,,,,,,,,,,,,,,,,,,,,,,,,,,,,,,,,,,,,,,,,,,,,,,,,,,,,,,,,,,,,,,,,,,,,,,,,,,,,,,,,,,,,,,聰泰5474,,聰泰5474,,,,,,,,,
,,,,,,,,,,,,,,,,,,,,,,,,,,,,,,,,,,,,,,,,,,,,,,,,,,,,,,,,,,,,,,,,,,,,,,,,,,,,,,,,,,,,,,,,,,,,,,,,,,,,,,,,,,,,,,,,,,,,,,,,,,,,,,,,,,,,,,,,,,,,,,,,,,,,,,,,,,,,,,,聚和6509,,聚和6509,,,,,,,,,
,,,,,,,,,,,,,,,,,,,,,,,,,,,,,,,,,,,,,,,,,,,,,,,,,,,,,,,,,,,,,,,,,,,,,,,,,,,,,,,,,,,,,,,,,,,,,,,,,,,,,,,,,,,,,,,,,,,,,,,,,,,,,,,,,,,,,,,,,,,,,,,,,,,,,,,,,,,,,,,台燿6274,,台燿6274,,,,,,,,,
,,,,,,,,,,,,,,,,,,,,,,,,,,,,,,,,,,,,,,,,,,,,,,,,,,,,,,,,,,,,,,,,,,,,,,,,,,,,,,,,,,,,,,,,,,,,,,,,,,,,,,,,,,,,,,,,,,,,,,,,,,,,,,,,,,,,,,,,,,,,,,,,,,,,,,,,,,,,,,,普萊德6263,,普萊德6263,,,,,,,,,
,,,,,,,,,,,,,,,,,,,,,,,,,,,,,,,,,,,,,,,,,,,,,,,,,,,,,,,,,,,,,,,,,,,,,,,,,,,,,,,,,,,,,,,,,,,,,,,,,,,,,,,,,,,,,,,,,,,,,,,,,,,,,,,,,,,,,,,,,,,,,,,,,,,,,,,,,,,,,,,永昕4726,,永昕4726,,,,,,,,,
,,,,,,,,,,,,,,,,,,,,,,,,,,,,,,,,,,,,,,,,,,,,,,,,,,,,,,,,,,,,,,,,,,,,,,,,,,,,,,,,,,,,,,,,,,,,,,,,,,,,,,,,,,,,,,,,,,,,,,,,,,,,,,,,,,,,,,,,,,,,,,,,,,,,,,,,,,,,,,,神盾6462,,神盾6462,,,,,,,,,
,,,,,,,,,,,,,,,,,,,,,,,,,,,,,,,,,,,,,,,,,,,,,,,,,,,,,,,,,,,,,,,,,,,,,,,,,,,,,,,,,,,,,,,,,,,,,,,,,,,,,,,,,,,,,,,,,,,,,,,,,,,,,,,,,,,,,,,,,,,,,,,,,,,,,,,,,,,,,,,穩懋3105,,穩懋3105,,,,,,,,,
,,,,,,,,,,,,,,,,,,,,,,,,,,,,,,,,,,,,,,,,,,,,,,,,,,,,,,,,,,,,,,,,,,,,,,,,,,,,,,,,,,,,,,,,,,,,,,,,,,,,,,,,,,,,,,,,,,,,,,,,,,,,,,,,,,,,,,,,,,,,,,,,,,,,,,,,,,,,,,,佳邦6284,,佳邦6284,,,,,,,,,
,,,,,,,,,,,,,,,,,,,,,,,,,,,,,,,,,,,,,,,,,,,,,,,,,,,,,,,,,,,,,,,,,,,,,,,,,,,,,,,,,,,,,,,,,,,,,,,,,,,,,,,,,,,,,,,,,,,,,,,,,,,,,,,,,,,,,,,,,,,,,,,,,,,,,,,,,,,,,,,濱川1569,,濱川1569,,,,,,,,,
,,,,,,,,,,,,,,,,,,,,,,,,,,,,,,,,,,,,,,,,,,,,,,,,,,,,,,,,,,,,,,,,,,,,,,,,,,,,,,,,,,,,,,,,,,,,,,,,,,,,,,,,,,,,,,,,,,,,,,,,,,,,,,,,,,,,,,,,,,,,,,,,,,,,,,,,,,,,,,,元太8069,,元太8069,,,,,,,,,
,,,,,,,,,,,,,,,,,,,,,,,,,,,,,,,,,,,,,,,,,,,,,,,,,,,,,,,,,,,,,,,,,,,,,,,,,,,,,,,,,,,,,,,,,,,,,,,,,,,,,,,,,,,,,,,,,,,,,,,,,,,,,,,,,,,,,,,,,,,,,,,,,,,,,,,,,,,,,,,康和證6016,,康和證6016,,,,,,,,,
,,,,,,,,,,,,,,,,,,,,,,,,,,,,,,,,,,,,,,,,,,,,,,,,,,,,,,,,,,,,,,,,,,,,,,,,,,,,,,,,,,,,,,,,,,,,,,,,,,,,,,,,,,,,,,,,,,,,,,,,,,,,,,,,,,,,,,,,,,,,,,,,,,,,,,,,,,,,,,,信昌電6173,,信昌電6173,,,,,,,,,
,,,,,,,,,,,,,,,,,,,,,,,,,,,,,,,,,,,,,,,,,,,,,,,,,,,,,,,,,,,,,,,,,,,,,,,,,,,,,,,,,,,,,,,,,,,,,,,,,,,,,,,,,,,,,,,,,,,,,,,,,,,,,,,,,,,,,,,,,,,,,,,,,,,,,,,,,,,,,,,僑威3078,,僑威3078,,,,,,,,,
,,,,,,,,,,,,,,,,,,,,,,,,,,,,,,,,,,,,,,,,,,,,,,,,,,,,,,,,,,,,,,,,,,,,,,,,,,,,,,,,,,,,,,,,,,,,,,,,,,,,,,,,,,,,,,,,,,,,,,,,,,,,,,,,,,,,,,,,,,,,,,,,,,,,,,,,,,,,,,,光焱科技7728,,光焱科技7728,,,,,,,,,
,,,,,,,,,,,,,,,,,,,,,,,,,,,,,,,,,,,,,,,,,,,,,,,,,,,,,,,,,,,,,,,,,,,,,,,,,,,,,,,,,,,,,,,,,,,,,,,,,,,,,,,,,,,,,,,,,,,,,,,,,,,,,,,,,,,,,,,,,,,,,,,,,,,,,,,,,,,,,,,長聖6712,,長聖6712,,,,,,,,,
,,,,,,,,,,,,,,,,,,,,,,,,,,,,,,,,,,,,,,,,,,,,,,,,,,,,,,,,,,,,,,,,,,,,,,,,,,,,,,,,,,,,,,,,,,,,,,,,,,,,,,,,,,,,,,,,,,,,,,,,,,,,,,,,,,,,,,,,,,,,,,,,,,,,,,,,,,,,,,,翔名8091,,翔名8091,,,,,,,,,
,,,,,,,,,,,,,,,,,,,,,,,,,,,,,,,,,,,,,,,,,,,,,,,,,,,,,,,,,,,,,,,,,,,,,,,,,,,,,,,,,,,,,,,,,,,,,,,,,,,,,,,,,,,,,,,,,,,,,,,,,,,,,,,,,,,,,,,,,,,,,,,,,,,,,,,,,,,,,,,環球晶6488,,環球晶6488,,,,,,,,,
,,,,,,,,,,,,,,,,,,,,,,,,,,,,,,,,,,,,,,,,,,,,,,,,,,,,,,,,,,,,,,,,,,,,,,,,,,,,,,,,,,,,,,,,,,,,,,,,,,,,,,,,,,,,,,,,,,,,,,,,,,,,,,,,,,,,,,,,,,,,,,,,,,,,,,,,,,,,,,,信紘科6667,,信紘科6667,,,,,,,,,
,,,,,,,,,,,,,,,,,,,,,,,,,,,,,,,,,,,,,,,,,,,,,,,,,,,,,,,,,,,,,,,,,,,,,,,,,,,,,,,,,,,,,,,,,,,,,,,,,,,,,,,,,,,,,,,,,,,,,,,,,,,,,,,,,,,,,,,,,,,,,,,,,,,,,,,,,,,,,,,聯上4113,,聯上4113,,,,,,,,,
,,,,,,,,,,,,,,,,,,,,,,,,,,,,,,,,,,,,,,,,,,,,,,,,,,,,,,,,,,,,,,,,,,,,,,,,,,,,,,,,,,,,,,,,,,,,,,,,,,,,,,,,,,,,,,,,,,,,,,,,,,,,,,,,,,,,,,,,,,,,,,,,,,,,,,,,,,,,,,,朋程8255,,朋程8255,,,,,,,,,
,,,,,,,,,,,,,,,,,,,,,,,,,,,,,,,,,,,,,,,,,,,,,,,,,,,,,,,,,,,,,,,,,,,,,,,,,,,,,,,,,,,,,,,,,,,,,,,,,,,,,,,,,,,,,,,,,,,,,,,,,,,,,,,,,,,,,,,,,,,,,,,,,,,,,,,,,,,,,,,益安6499,,益安6499,,,,,,,,,
,,,,,,,,,,,,,,,,,,,,,,,,,,,,,,,,,,,,,,,,,,,,,,,,,,,,,,,,,,,,,,,,,,,,,,,,,,,,,,,,,,,,,,,,,,,,,,,,,,,,,,,,,,,,,,,,,,,,,,,,,,,,,,,,,,,,,,,,,,,,,,,,,,,,,,,,,,,,,,,世界5347,,世界5347,,,,,,,,,
,,,,,,,,,,,,,,,,,,,,,,,,,,,,,,,,,,,,,,,,,,,,,,,,,,,,,,,,,,,,,,,,,,,,,,,,,,,,,,,,,,,,,,,,,,,,,,,,,,,,,,,,,,,,,,,,,,,,,,,,,,,,,,,,,,,,,,,,,,,,,,,,,,,,,,,,,,,,,,,宣德5457,,宣德5457,,,,,,,,,
,,,,,,,,,,,,,,,,,,,,,,,,,,,,,,,,,,,,,,,,,,,,,,,,,,,,,,,,,,,,,,,,,,,,,,,,,,,,,,,,,,,,,,,,,,,,,,,,,,,,,,,,,,,,,,,,,,,,,,,,,,,,,,,,,,,,,,,,,,,,,,,,,,,,,,,,,,,,,,,安國8054,,安國8054,,,,,,,,,
,,,,,,,,,,,,,,,,,,,,,,,,,,,,,,,,,,,,,,,,,,,,,,,,,,,,,,,,,,,,,,,,,,,,,,,,,,,,,,,,,,,,,,,,,,,,,,,,,,,,,,,,,,,,,,,,,,,,,,,,,,,,,,,,,,,,,,,,,,,,,,,,,,,,,,,,,,,,,,,家登3680,,家登3680,,,,,,,,,
,,,,,,,,,,,,,,,,,,,,,,,,,,,,,,,,,,,,,,,,,,,,,,,,,,,,,,,,,,,,,,,,,,,,,,,,,,,,,,,,,,,,,,,,,,,,,,,,,,,,,,,,,,,,,,,,,,,,,,,,,,,,,,,,,,,,,,,,,,,,,,,,,,,,,,,,,,,,,,,合騏8937,,合騏8937,,,,,,,,,
,,,,,,,,,,,,,,,,,,,,,,,,,,,,,,,,,,,,,,,,,,,,,,,,,,,,,,,,,,,,,,,,,,,,,,,,,,,,,,,,,,,,,,,,,,,,,,,,,,,,,,,,,,,,,,,,,,,,,,,,,,,,,,,,,,,,,,,,,,,,,,,,,,,,,,,,,,,,,,,耕興6146,,耕興6146,,,,,,,,,
,,,,,,,,,,,,,,,,,,,,,,,,,,,,,,,,,,,,,,,,,,,,,,,,,,,,,,,,,,,,,,,,,,,,,,,,,,,,,,,,,,,,,,,,,,,,,,,,,,,,,,,,,,,,,,,,,,,,,,,,,,,,,,,,,,,,,,,,,,,,,,,,,,,,,,,,,,,,,,,萬泰科6190,,萬泰科6190,,,,,,,,,
,,,,,,,,,,,,,,,,,,,,,,,,,,,,,,,,,,,,,,,,,,,,,,,,,,,,,,,,,,,,,,,,,,,,,,,,,,,,,,,,,,,,,,,,,,,,,,,,,,,,,,,,,,,,,,,,,,,,,,,,,,,,,,,,,,,,,,,,,,,,,,,,,,,,,,,,,,,,,,,世禾3551,,世禾3551,,,,,,,,,
,,,,,,,,,,,,,,,,,,,,,,,,,,,,,,,,,,,,,,,,,,,,,,,,,,,,,,,,,,,,,,,,,,,,,,,,,,,,,,,,,,,,,,,,,,,,,,,,,,,,,,,,,,,,,,,,,,,,,,,,,,,,,,,,,,,,,,,,,,,,,,,,,,,,,,,,,,,,,,,M316643,,M316643,,,,,,,,,
,,,,,,,,,,,,,,,,,,,,,,,,,,,,,,,,,,,,,,,,,,,,,,,,,,,,,,,,,,,,,,,,,,,,,,,,,,,,,,,,,,,,,,,,,,,,,,,,,,,,,,,,,,,,,,,,,,,,,,,,,,,,,,,,,,,,,,,,,,,,,,,,,,,,,,,,,,,,,,,金麗科3228,,金麗科3228,,,,,,,,,
,,,,,,,,,,,,,,,,,,,,,,,,,,,,,,,,,,,,,,,,,,,,,,,,,,,,,,,,,,,,,,,,,,,,,,,,,,,,,,,,,,,,,,,,,,,,,,,,,,,,,,,,,,,,,,,,,,,,,,,,,,,,,,,,,,,,,,,,,,,,,,,,,,,,,,,,,,,,,,,世紀*5314,,世紀*5314,,,,,,,,,
,,,,,,,,,,,,,,,,,,,,,,,,,,,,,,,,,,,,,,,,,,,,,,,,,,,,,,,,,,,,,,,,,,,,,,,,,,,,,,,,,,,,,,,,,,,,,,,,,,,,,,,,,,,,,,,,,,,,,,,,,,,,,,,,,,,,,,,,,,,,,,,,,,,,,,,,,,,,,,,立敦6175,,立敦6175,,,,,,,,,
,,,,,,,,,,,,,,,,,,,,,,,,,,,,,,,,,,,,,,,,,,,,,,,,,,,,,,,,,,,,,,,,,,,,,,,,,,,,,,,,,,,,,,,,,,,,,,,,,,,,,,,,,,,,,,,,,,,,,,,,,,,,,,,,,,,,,,,,,,,,,,,,,,,,,,,,,,,,,,,先進光3362,,先進光3362,,,,,,,,,
,,,,,,,,,,,,,,,,,,,,,,,,,,,,,,,,,,,,,,,,,,,,,,,,,,,,,,,,,,,,,,,,,,,,,,,,,,,,,,,,,,,,,,,,,,,,,,,,,,,,,,,,,,,,,,,,,,,,,,,,,,,,,,,,,,,,,,,,,,,,,,,,,,,,,,,,,,,,,,,亞信3169,,亞信3169,,,,,,,,,
,,,,,,,,,,,,,,,,,,,,,,,,,,,,,,,,,,,,,,,,,,,,,,,,,,,,,,,,,,,,,,,,,,,,,,,,,,,,,,,,,,,,,,,,,,,,,,,,,,,,,,,,,,,,,,,,,,,,,,,,,,,,,,,,,,,,,,,,,,,,,,,,,,,,,,,,,,,,,,,竑騰7751,,竑騰7751,,,,,,,,,
,,,,,,,,,,,,,,,,,,,,,,,,,,,,,,,,,,,,,,,,,,,,,,,,,,,,,,,,,,,,,,,,,,,,,,,,,,,,,,,,,,,,,,,,,,,,,,,,,,,,,,,,,,,,,,,,,,,,,,,,,,,,,,,,,,,,,,,,,,,,,,,,,,,,,,,,,,,,,,,智擎4162,,智擎4162,,,,,,,,,
,,,,,,,,,,,,,,,,,,,,,,,,,,,,,,,,,,,,,,,,,,,,,,,,,,,,,,,,,,,,,,,,,,,,,,,,,,,,,,,,,,,,,,,,,,,,,,,,,,,,,,,,,,,,,,,,,,,,,,,,,,,,,,,,,,,,,,,,,,,,,,,,,,,,,,,,,,,,,,,力致3483,,力致3483,,,,,,,,,
,,,,,,,,,,,,,,,,,,,,,,,,,,,,,,,,,,,,,,,,,,,,,,,,,,,,,,,,,,,,,,,,,,,,,,,,,,,,,,,,,,,,,,,,,,,,,,,,,,,,,,,,,,,,,,,,,,,,,,,,,,,,,,,,,,,,,,,,,,,,,,,,,,,,,,,,,,,,,,,立碁8111,,立碁8111,,,,,,,,,
,,,,,,,,,,,,,,,,,,,,,,,,,,,,,,,,,,,,,,,,,,,,,,,,,,,,,,,,,,,,,,,,,,,,,,,,,,,,,,,,,,,,,,,,,,,,,,,,,,,,,,,,,,,,,,,,,,,,,,,,,,,,,,,,,,,,,,,,,,,,,,,,,,,,,,,,,,,,,,,璟德3152,,璟德3152,,,,,,,,,
,,,,,,,,,,,,,,,,,,,,,,,,,,,,,,,,,,,,,,,,,,,,,,,,,,,,,,,,,,,,,,,,,,,,,,,,,,,,,,,,,,,,,,,,,,,,,,,,,,,,,,,,,,,,,,,,,,,,,,,,,,,,,,,,,,,,,,,,,,,,,,,,,,,,,,,,,,,,,,,湧德3689,,湧德3689,,,,,,,,,
,,,,,,,,,,,,,,,,,,,,,,,,,,,,,,,,,,,,,,,,,,,,,,,,,,,,,,,,,,,,,,,,,,,,,,,,,,,,,,,,,,,,,,,,,,,,,,,,,,,,,,,,,,,,,,,,,,,,,,,,,,,,,,,,,,,,,,,,,,,,,,,,,,,,,,,,,,,,,,,大樹6469,,大樹6469,,,,,,,,,
,,,,,,,,,,,,,,,,,,,,,,,,,,,,,,,,,,,,,,,,,,,,,,,,,,,,,,,,,,,,,,,,,,,,,,,,,,,,,,,,,,,,,,,,,,,,,,,,,,,,,,,,,,,,,,,,,,,,,,,,,,,,,,,,,,,,,,,,,,,,,,,,,,,,,,,,,,,,,,,力旺3529,,力旺3529,,,,,,,,,
,,,,,,,,,,,,,,,,,,,,,,,,,,,,,,,,,,,,,,,,,,,,,,,,,,,,,,,,,,,,,,,,,,,,,,,,,,,,,,,,,,,,,,,,,,,,,,,,,,,,,,,,,,,,,,,,,,,,,,,,,,,,,,,,,,,,,,,,,,,,,,,,,,,,,,,,,,,,,,,中光電5371,,中光電5371,,,,,,,,,
,,,,,,,,,,,,,,,,,,,,,,,,,,,,,,,,,,,,,,,,,,,,,,,,,,,,,,,,,,,,,,,,,,,,,,,,,,,,,,,,,,,,,,,,,,,,,,,,,,,,,,,,,,,,,,,,,,,,,,,,,,,,,,,,,,,,,,,,,,,,,,,,,,,,,,,,,,,,,,,高技5439,,高技5439,,,,,,,,,
,,,,,,,,,,,,,,,,,,,,,,,,,,,,,,,,,,,,,,,,,,,,,,,,,,,,,,,,,,,,,,,,,,,,,,,,,,,,,,,,,,,,,,,,,,,,,,,,,,,,,,,,,,,,,,,,,,,,,,,,,,,,,,,,,,,,,,,,,,,,,,,,,,,,,,,,,,,,,,,中裕4147,,中裕4147,,,,,,,,,
,,,,,,,,,,,,,,,,,,,,,,,,,,,,,,,,,,,,,,,,,,,,,,,,,,,,,,,,,,,,,,,,,,,,,,,,,,,,,,,,,,,,,,,,,,,,,,,,,,,,,,,,,,,,,,,,,,,,,,,,,,,,,,,,,,,,,,,,,,,,,,,,,,,,,,,,,,,,,,,系統電5309,,系統電5309,,,,,,,,,
,,,,,,,,,,,,,,,,,,,,,,,,,,,,,,,,,,,,,,,,,,,,,,,,,,,,,,,,,,,,,,,,,,,,,,,,,,,,,,,,,,,,,,,,,,,,,,,,,,,,,,,,,,,,,,,,,,,,,,,,,,,,,,,,,,,,,,,,,,,,,,,,,,,,,,,,,,,,,,,萬潤6187,,萬潤6187,,,,,,,,,
,,,,,,,,,,,,,,,,,,,,,,,,,,,,,,,,,,,,,,,,,,,,,,,,,,,,,,,,,,,,,,,,,,,,,,,,,,,,,,,,,,,,,,,,,,,,,,,,,,,,,,,,,,,,,,,,,,,,,,,,,,,,,,,,,,,,,,,,,,,,,,,,,,,,,,,,,,,,,,,宜特3289,,宜特3289,,,,,,,,,
,,,,,,,,,,,,,,,,,,,,,,,,,,,,,,,,,,,,,,,,,,,,,,,,,,,,,,,,,,,,,,,,,,,,,,,,,,,,,,,,,,,,,,,,,,,,,,,,,,,,,,,,,,,,,,,,,,,,,,,,,,,,,,,,,,,,,,,,,,,,,,,,,,,,,,,,,,,,,,,晶呈科技4768,,晶呈科技4768,,,,,,,,,
,,,,,,,,,,,,,,,,,,,,,,,,,,,,,,,,,,,,,,,,,,,,,,,,,,,,,,,,,,,,,,,,,,,,,,,,,,,,,,,,,,,,,,,,,,,,,,,,,,,,,,,,,,,,,,,,,,,,,,,,,,,,,,,,,,,,,,,,,,,,,,,,,,,,,,,,,,,,,,,群聯8299,,群聯8299,,,,,,,,,
,,,,,,,,,,,,,,,,,,,,,,,,,,,,,,,,,,,,,,,,,,,,,,,,,,,,,,,,,,,,,,,,,,,,,,,,,,,,,,,,,,,,,,,,,,,,,,,,,,,,,,,,,,,,,,,,,,,,,,,,,,,,,,,,,,,,,,,,,,,,,,,,,,,,,,,,,,,,,,,能率5392,,能率5392,,,,,,,,,
,,,,,,,,,,,,,,,,,,,,,,,,,,,,,,,,,,,,,,,,,,,,,,,,,,,,,,,,,,,,,,,,,,,,,,,,,,,,,,,,,,,,,,,,,,,,,,,,,,,,,,,,,,,,,,,,,,,,,,,,,,,,,,,,,,,,,,,,,,,,,,,,,,,,,,,,,,,,,,,廣運6125,,廣運6125,,,,,,,,,
,,,,,,,,,,,,,,,,,,,,,,,,,,,,,,,,,,,,,,,,,,,,,,,,,,,,,,,,,,,,,,,,,,,,,,,,,,,,,,,,,,,,,,,,,,,,,,,,,,,,,,,,,,,,,,,,,,,,,,,,,,,,,,,,,,,,,,,,,,,,,,,,,,,,,,,,,,,,,,,富喬1815,,富喬1815,,,,,,,,,
,,,,,,,,,,,,,,,,,,,,,,,,,,,,,,,,,,,,,,,,,,,,,,,,,,,,,,,,,,,,,,,,,,,,,,,,,,,,,,,,,,,,,,,,,,,,,,,,,,,,,,,,,,,,,,,,,,,,,,,,,,,,,,,,,,,,,,,,,,,,,,,,,,,,,,,,,,,,,,,新盛力4931,,新盛力4931,,,,,,,,,
,,,,,,,,,,,,,,,,,,,,,,,,,,,,,,,,,,,,,,,,,,,,,,,,,,,,,,,,,,,,,,,,,,,,,,,,,,,,,,,,,,,,,,,,,,,,,,,,,,,,,,,,,,,,,,,,,,,,,,,,,,,,,,,,,,,,,,,,,,,,,,,,,,,,,,,,,,,,,,,大世科8099,,大世科8099,,,,,,,,,
,,,,,,,,,,,,,,,,,,,,,,,,,,,,,,,,,,,,,,,,,,,,,,,,,,,,,,,,,,,,,,,,,,,,,,,,,,,,,,,,,,,,,,,,,,,,,,,,,,,,,,,,,,,,,,,,,,,,,,,,,,,,,,,,,,,,,,,,,,,,,,,,,,,,,,,,,,,,,,,宏碁資訊6811,,宏碁資訊6811,,,,,,,,,
,,,,,,,,,,,,,,,,,,,,,,,,,,,,,,,,,,,,,,,,,,,,,,,,,,,,,,,,,,,,,,,,,,,,,,,,,,,,,,,,,,,,,,,,,,,,,,,,,,,,,,,,,,,,,,,,,,,,,,,,,,,,,,,,,,,,,,,,,,,,,,,,,,,,,,,,,,,,,,,崴寶7744,,崴寶7744,,,,,,,,,
,,,,,,,,,,,,,,,,,,,,,,,,,,,,,,,,,,,,,,,,,,,,,,,,,,,,,,,,,,,,,,,,,,,,,,,,,,,,,,,,,,,,,,,,,,,,,,,,,,,,,,,,,,,,,,,,,,,,,,,,,,,,,,,,,,,,,,,,,,,,,,,,,,,,,,,,,,,,,,,精材3374,,精材3374,,,,,,,,,
,,,,,,,,,,,,,,,,,,,,,,,,,,,,,,,,,,,,,,,,,,,,,,,,,,,,,,,,,,,,,,,,,,,,,,,,,,,,,,,,,,,,,,,,,,,,,,,,,,,,,,,,,,,,,,,,,,,,,,,,,,,,,,,,,,,,,,,,,,,,,,,,,,,,,,,,,,,,,,,沛亨6291,,沛亨6291,,,,,,,,,
,,,,,,,,,,,,,,,,,,,,,,,,,,,,,,,,,,,,,,,,,,,,,,,,,,,,,,,,,,,,,,,,,,,,,,,,,,,,,,,,,,,,,,,,,,,,,,,,,,,,,,,,,,,,,,,,,,,,,,,,,,,,,,,,,,,,,,,,,,,,,,,,,,,,,,,,,,,,,,,鈦昇8027,,鈦昇8027,,,,,,,,,
,,,,,,,,,,,,,,,,,,,,,,,,,,,,,,,,,,,,,,,,,,,,,,,,,,,,,,,,,,,,,,,,,,,,,,,,,,,,,,,,,,,,,,,,,,,,,,,,,,,,,,,,,,,,,,,,,,,,,,,,,,,,,,,,,,,,,,,,,,,,,,,,,,,,,,,,,,,,,,,碩禾3691,,碩禾3691,,,,,,,,,
,,,,,,,,,,,,,,,,,,,,,,,,,,,,,,,,,,,,,,,,,,,,,,,,,,,,,,,,,,,,,,,,,,,,,,,,,,,,,,,,,,,,,,,,,,,,,,,,,,,,,,,,,,,,,,,,,,,,,,,,,,,,,,,,,,,,,,,,,,,,,,,,,,,,,,,,,,,,,,,安葆7792,,安葆7792,,,,,,,,,
,,,,,,,,,,,,,,,,,,,,,,,,,,,,,,,,,,,,,,,,,,,,,,,,,,,,,,,,,,,,,,,,,,,,,,,,,,,,,,,,,,,,,,,,,,,,,,,,,,,,,,,,,,,,,,,,,,,,,,,,,,,,,,,,,,,,,,,,,,,,,,,,,,,,,,,,,,,,,,,正德2641,,正德2641,,,,,,,,,
,,,,,,,,,,,,,,,,,,,,,,,,,,,,,,,,,,,,,,,,,,,,,,,,,,,,,,,,,,,,,,,,,,,,,,,,,,,,,,,,,,,,,,,,,,,,,,,,,,,,,,,,,,,,,,,,,,,,,,,,,,,,,,,,,,,,,,,,,,,,,,,,,,,,,,,,,,,,,,,擎亞8096,,擎亞8096,,,,,,,,,
,,,,,,,,,,,,,,,,,,,,,,,,,,,,,,,,,,,,,,,,,,,,,,,,,,,,,,,,,,,,,,,,,,,,,,,,,,,,,,,,,,,,,,,,,,,,,,,,,,,,,,,,,,,,,,,,,,,,,,,,,,,,,,,,,,,,,,,,,,,,,,,,,,,,,,,,,,,,,,,銳澤7703,,銳澤7703,,,,,,,,,
,,,,,,,,,,,,,,,,,,,,,,,,,,,,,,,,,,,,,,,,,,,,,,,,,,,,,,,,,,,,,,,,,,,,,,,,,,,,,,,,,,,,,,,,,,,,,,,,,,,,,,,,,,,,,,,,,,,,,,,,,,,,,,,,,,,,,,,,,,,,,,,,,,,,,,,,,,,,,,,金益鼎8390,,金益鼎8390,,,,,,,,,
,,,,,,,,,,,,,,,,,,,,,,,,,,,,,,,,,,,,,,,,,,,,,,,,,,,,,,,,,,,,,,,,,,,,,,,,,,,,,,,,,,,,,,,,,,,,,,,,,,,,,,,,,,,,,,,,,,,,,,,,,,,,,,,,,,,,,,,,,,,,,,,,,,,,,,,,,,,,,,,順藥6535,,順藥6535,,,,,,,,,
,,,,,,,,,,,,,,,,,,,,,,,,,,,,,,,,,,,,,,,,,,,,,,,,,,,,,,,,,,,,,,,,,,,,,,,,,,,,,,,,,,,,,,,,,,,,,,,,,,,,,,,,,,,,,,,,,,,,,,,,,,,,,,,,,,,,,,,,,,,,,,,,,,,,,,,,,,,,,,,聖暉*5536,,聖暉*5536,,,,,,,,,
,,,,,,,,,,,,,,,,,,,,,,,,,,,,,,,,,,,,,,,,,,,,,,,,,,,,,,,,,,,,,,,,,,,,,,,,,,,,,,,,,,,,,,,,,,,,,,,,,,,,,,,,,,,,,,,,,,,,,,,,,,,,,,,,,,,,,,,,,,,,,,,,,,,,,,,,,,,,,,,華景電6788,,華景電6788,,,,,,,,,
,,,,,,,,,,,,,,,,,,,,,,,,,,,,,,,,,,,,,,,,,,,,,,,,,,,,,,,,,,,,,,,,,,,,,,,,,,,,,,,,,,,,,,,,,,,,,,,,,,,,,,,,,,,,,,,,,,,,,,,,,,,,,,,,,,,,,,,,,,,,,,,,,,,,,,,,,,,,,,,群翊6664,,群翊6664,,,,,,,,,
,,,,,,,,,,,,,,,,,,,,,,,,,,,,,,,,,,,,,,,,,,,,,,,,,,,,,,,,,,,,,,,,,,,,,,,,,,,,,,,,,,,,,,,,,,,,,,,,,,,,,,,,,,,,,,,,,,,,,,,,,,,,,,,,,,,,,,,,,,,,,,,,,,,,,,,,,,,,,,,上詮3363,,上詮3363,,,,,,,,,
,,,,,,,,,,,,,,,,,,,,,,,,,,,,,,,,,,,,,,,,,,,,,,,,,,,,,,,,,,,,,,,,,,,,,,,,,,,,,,,,,,,,,,,,,,,,,,,,,,,,,,,,,,,,,,,,,,,,,,,,,,,,,,,,,,,,,,,,,,,,,,,,,,,,,,,,,,,,,,,振曜6143,,振曜6143,,,,,,,,,
,,,,,,,,,,,,,,,,,,,,,,,,,,,,,,,,,,,,,,,,,,,,,,,,,,,,,,,,,,,,,,,,,,,,,,,,,,,,,,,,,,,,,,,,,,,,,,,,,,,,,,,,,,,,,,,,,,,,,,,,,,,,,,,,,,,,,,,,,,,,,,,,,,,,,,,,,,,,,,,凡甲3526,,凡甲3526,,,,,,,,,
,,,,,,,,,,,,,,,,,,,,,,,,,,,,,,,,,,,,,,,,,,,,,,,,,,,,,,,,,,,,,,,,,,,,,,,,,,,,,,,,,,,,,,,,,,,,,,,,,,,,,,,,,,,,,,,,,,,,,,,,,,,,,,,,,,,,,,,,,,,,,,,,,,,,,,,,,,,,,,,前鼎4908,,前鼎4908,,,,,,,,,
,,,,,,,,,,,,,,,,,,,,,,,,,,,,,,,,,,,,,,,,,,,,,,,,,,,,,,,,,,,,,,,,,,,,,,,,,,,,,,,,,,,,,,,,,,,,,,,,,,,,,,,,,,,,,,,,,,,,,,,,,,,,,,,,,,,,,,,,,,,,,,,,,,,,,,,,,,,,,,,鈺創5351,,鈺創5351,,,,,,,,,
,,,,,,,,,,,,,,,,,,,,,,,,,,,,,,,,,,,,,,,,,,,,,,,,,,,,,,,,,,,,,,,,,,,,,,,,,,,,,,,,,,,,,,,,,,,,,,,,,,,,,,,,,,,,,,,,,,,,,,,,,,,,,,,,,,,,,,,,,,,,,,,,,,,,,,,,,,,,,,,昇達科3491,,昇達科3491,,,,,,,,,
,,,,,,,,,,,,,,,,,,,,,,,,,,,,,,,,,,,,,,,,,,,,,,,,,,,,,,,,,,,,,,,,,,,,,,,,,,,,,,,,,,,,,,,,,,,,,,,,,,,,,,,,,,,,,,,,,,,,,,,,,,,,,,,,,,,,,,,,,,,,,,,,,,,,,,,,,,,,,,,華星光4979,,華星光4979,,,,,,,,,
,,,,,,,,,,,,,,,,,,,,,,,,,,,,,,,,,,,,,,,,,,,,,,,,,,,,,,,,,,,,,,,,,,,,,,,,,,,,,,,,,,,,,,,,,,,,,,,,,,,,,,,,,,,,,,,,,,,,,,,,,,,,,,,,,,,,,,,,,,,,,,,,,,,,,,,,,,,,,,,南俊國際6584,,南俊國際6584,,,,,,,,,
